"","vwti","swti","cwti","ei","class"
"1",0.661402332172295,0.703785636508548,0.264069614663881,0.641976595106249,"0"
"3",0.671977154230578,0.449988961522487,0.386364830809658,0.672170544750266,"0"
"6",0.693715249983774,0.726364748715608,0.234260236500312,0.493826891077225,"0"
"7",0.660086969690414,0.576864847874813,0.355469360501432,0.697144493848714,"0"
"9",0.64329879064535,0.638513435136784,0.317155534495014,0.632946343326332,"0"
"10",0.571144235553729,0.715260414522895,0.27791069851595,0.62624457841185,"0"
"12",0.677338121714298,0.448455548612332,0.398523273095397,0.713440628495049,"0"
"13",0.586880989983342,0.681253671696969,0.340608869838672,0.496647480836902,"0"
"14",0.43647534777059,0.752659524709351,0.402441682641566,0.506173108922775,"0"
"15",0.651987105986197,0.705132704950851,0.259308591983113,0.635133527919474,"0"
"17",0.620310235164312,0.578025571849263,0.346234217158119,0.698343653673041,"0"
"18",0.539469528156978,0.573146938974058,0.448906886079221,0.699189830600944,"0"
"19",0.567349587867512,0.39967371008842,0.552266569022336,0.551324367822363,"0"
"22",0.518945113904334,0.409197483975498,0.454797423912809,0.612417141766006,"0"
"23",0.675014603119659,0.73737478811736,0.237803864130786,0.447197141220437,"0"
"25",0.696545010059927,0.731196234195332,0.215678807590411,0.461867481382471,"0"
"26",0.535235705168423,0.385783189334211,0.552111486850324,0.509702937887013,"0"
"27",0.554165675096813,0.425225353324827,0.480796950050617,0.631676805150168,"0"
"28",0.488166497198365,0.697607082586521,0.392521593038534,0.462293024905207,"0"
"29",0.788685286545659,0.729662821285178,0.222610980679346,0.490373441719632,"0"
"30",0.716310062090302,0.433821895100787,0.425031985697978,0.725857224692436,"0"
"33",0.690621552041192,0.68023214479489,0.274922782001852,0.613898906134919,"0"
"35",0.434770568764468,0.52738657496623,0.547614103861977,0.699542813497368,"0"
"36",0.610237327737274,0.653845319124256,0.315760311887479,0.628642898060504,"0"
"37",0.621011184907946,0.644366447518588,0.324574665604067,0.628572519708666,"0"
"38",0.661718192241957,0.527479522688749,0.3787011868094,0.70871382198096,"0"
"39",0.70234731627112,0.58090605320172,0.282209059383548,0.682540713058185,"0"
"40",0.655297146442247,0.727015831796054,0.239597647920391,0.478801931312911,"0"
"41",0.685178374402354,0.70504065527396,0.258509918797252,0.633793065822854,"0"
"42",0.495779157562253,0.716237039143564,0.240882245245224,0.294814370277422,"0"
"43",0.504402920623932,0.717862501730609,0.325969888211601,0.559224201423934,"0"
"44",0.546429699500249,0.640325242191681,0.396685549357055,0.669983632941433,"0"
"45",0.628280293360448,0.664529816985785,0.316114674650527,0.692770124662429,"0"
"46",0.470653138048158,0.723996153371226,0.238755034785793,0.257001009301945,"0"
"47",0.594885662981633,0.657978574128054,0.34913528765589,0.545606808696364,"0"
"48",0.470653138048158,0.723996153371226,0.238755034785793,0.257001009301945,"0"
"49",0.673889622049629,0.645387974420667,0.273216878109721,0.629136637660602,"0"
"51",0.691789801613915,0.399581660411529,0.425430029939475,0.634850923374888,"0"
"52",0.732379983990654,0.598653679929054,0.296380985202576,0.721481764368914,"0"
"54",0.614992536183286,0.647294076266525,0.306634501475435,0.598870672958892,"0"
"55",0.717859074486727,0.632613275359499,0.272596549421673,0.638731007392455,"0"
"56",0.71353655106765,0.527247153382451,0.378944148878885,0.731149240295698,"0"
"57",0.615619929472341,0.661370941488586,0.320610248346867,0.687408821844568,"0"
"58",0.755961317958592,0.621695285634638,0.278773989273483,0.690301426661938,"0"
"60",0.470826644743959,0.764273499796069,0.326900122773386,0.2817643689135,"0"
"61",0.62966055859637,0.519256567894121,0.455285932754647,0.653052183638397,"0"
"62",0.526190424680354,0.633309260721355,0.382598918732634,0.640636133009629,"0"
"63",0.688964368388032,0.762834381676876,0.230804488767312,0.429275212089801,"0"
"64",0.582320489799451,0.484134901420783,0.376573976349969,0.652135082790038,"0"
"66",0.614460333600156,0.567572320736996,0.390748486871863,0.677320712512616,"0"
"70",0.510034398459641,0.710940815051245,0.312460421737351,0.533615210453095,"0"
"71",0.67573718711464,0.456353859912366,0.3981252288539,0.692699746310592,"0"
"72",0.683715899011315,0.520278543819014,0.364880780580266,0.766071087591042,"0"
"73",0.708846245375679,0.734076715547789,0.234570400844336,0.455871682260836,"0"
"74",0.684931743937001,0.431776596182558,0.430790703685356,0.725715376851524,"0"
"75",0.695381087337473,0.754100887942615,0.218315204514614,0.424834283532011,"0"
"76",0.60450425113039,0.588618020033901,0.35150520171452,0.689243023541286,"0"
"77",0.668840187785302,0.688500899916557,0.270779503306266,0.564232521345372,"0"
"78",0.506828851437596,0.647154879194154,0.382710060955909,0.627020376987916,"0"
"79",0.515446855461567,0.680836080479856,0.362179766084391,0.618696091000846,"0"
"80",0.553668087315838,0.59823384359787,0.424455596958666,0.712382225374397,"0"
"81",0.625995716418233,0.713217360718736,0.249608202123764,0.610584031206525,"0"
"82",0.698033446552582,0.560650634057632,0.361382643720249,0.711676805150168,"0"
"83",0.721844103584796,0.702252223598394,0.260704331531221,0.596475626721951,"0"
"84",0.585457456244727,0.683808611509203,0.330465720378228,0.504689162279386,"0"
"85",0.645107414057937,0.658072868919015,0.320233915609451,0.713793065822854,"0"
"86",0.679055881271229,0.569292078115002,0.357484653326728,0.705468779835784,"0"
"90",0.669238258010082,0.527525996550008,0.391014711267151,0.722256471807742,"0"
"91",0.568764467905588,0.680696883407484,0.264578801128654,0.60994571592242,"0"
"92",0.680509702961729,0.589686694331461,0.355380705193099,0.687902561444666,"0"
"93",0.69103260281678,0.693473827582723,0.264713205677731,0.588150249597643,"0"
"94",0.610648378512862,0.367386724640501,0.542455036939712,0.677602771488584,"0"
"95",0.646267009930122,0.549267905720177,0.391324875611175,0.699824872473335,"0"
"96",0.476805053761115,0.405807361729037,0.552375126542745,0.518519326768324,"0"
"97",0.632529260324947,0.533379233443219,0.35332121394878,0.715133527919474,"0"
"98",0.598230318239837,0.354748977537634,0.547327201843755,0.661941242259745,"0"
"99",0.669986803106679,0.754565626555209,0.232952376849678,0.392029242477973,"0"
"100",0.386063215282435,0.765250124416738,0.402265922846619,0.361973867263155,"0"
"101",0.65038184453627,0.392799170804537,0.432095978633123,0.604020840721242,"0"
"102",0.701992514549034,0.454865349283622,0.404899735067956,0.754570501104777,"0"
"103",0.725928650239059,0.498025197663585,0.352878195877399,0.727406639570092,"0"
"105",0.686545659087467,0.51433191018047,0.361471040558296,0.719436973185303,"0"
"108",0.424290937412111,0.686271501644546,0.293612768432162,0.566065631904853,"0"
"109",0.639093092183545,0.72343711996767,0.226687057100394,0.447971848659265,"0"
"110",0.630885057222595,0.752381130564609,0.25020526848601,0.441479582094438,"0"
"112",0.570382709906324,0.63707207190352,0.339080741809723,0.664904225428953,"0"
"113",0.644679055881271,0.725807960426123,0.253728218493549,0.524798821571783,"0"
"115",0.581801267767129,0.664529816985785,0.303690524910074,0.580386808150795,"0"
"116",0.614304566990459,0.574633204488731,0.315383720679777,0.659683570201042,"0"
"117",0.673314150963806,0.675726200855389,0.289472074439443,0.674004746446984,"0"
"119",0.630045648270342,0.525110029298739,0.395819673896655,0.768182438146158,"0"
"120",0.544927849771759,0.423972579673486,0.456635147651151,0.650230502741482,"0"
"121",0.654591869848344,0.749175107671929,0.248566566868417,0.442188821298999,"0"
"122",0.680860177833546,0.74276530700064,0.228791005234023,0.406770506560463,"0"
"123",0.441650260692729,0.714007640871553,0.381668425700562,0.386808150795166,"0"
"124",0.439473855007248,0.552381878935966,0.521348353328882,0.7149927712158,"0"
"125",0.465016117517253,0.733472779862824,0.367139810885907,0.381232439510079,"0"
"127",0.403323021006858,0.8,0.422661813169061,0.342153359338771,"0"
"128",0.668333946303788,0.444459245566835,0.394935705516187,0.657778990152486,"0"
"129",0.70671743504316,0.538628310140058,0.338062007021776,0.770512016148831,"0"
"130",0.654682733704,0.534169513596037,0.381668425700562,0.73940369349955,"0"
"131",0.646176146074465,0.411752423787732,0.431964158786913,0.650089200469189,"0"
"133",0.591839560392013,0.647107731798673,0.346433497749155,0.697426552824682,"0"
"134",0.523475326136339,0.633589899980168,0.389176987528809,0.644304536403066,"0"
"135",0.459697553166173,0.720233342189061,0.358857905959894,0.375378488229357,"0"
"136",0.684719728273803,0.76111462429887,0.243229155448338,0.443667312256199,"0"
"138",0.722428228371157,0.693379532791762,0.268766019772977,0.60994571592242,"0"
"140",0.495779157562253,0.716237039143564,0.240882245245224,0.294814370277422,"0"
"141",0.595179888799948,0.530406253391058,0.454264975122235,0.733686134373551,"0"
"142",0.579629188931917,0.501416666978488,0.444941951881448,0.612276385062331,"0"
"143",0.685286545659088,0.584064928698919,0.299813470609774,0.699331132873237,"0"
"144",0.674452112584644,0.43632968751754,0.426006418678786,0.712029788046592,"0"
"146",0.5271791099669,0.435956998581836,0.416484373317251,0.612629913527374,"0"
"147",0.671648313610108,0.526829113142524,0.365147004975553,0.759153277503478,"0"
"148",0.58040369513013,0.505272650394579,0.470587373726495,0.736861343735508,"0"
"149",0.661666270038725,0.53128903224358,0.354428500656945,0.700953653945825,"0"
"150",0.623217878545313,0.675400659315165,0.338482796648502,0.528323194849832,"0"
"152",0.428552884927417,0.776864099503456,0.405786288151291,0.485010502195914,"0"
"153",0.724033489821085,0.514006817663061,0.341871238718849,0.732349491257263,"0"
"154",0.654371200484607,0.758698881559007,0.227971654425227,0.388499413513735,"0"
"155",0.588460290331653,0.692544350357534,0.336024511598854,0.543140838538967,"0"
"156",0.612266620513597,0.486875512166647,0.474663450147544,0.65792029242478,"0"
"157",0.609523397442832,0.406503347090894,0.490342257737954,0.678096511088682,"0"
"158",0.675520844601173,0.424529367962971,0.411146961897172,0.667443901906762,"0"
"159",0.602635051814032,0.408501498613642,0.431121545652314,0.632946343326332,"0"
"160",0.563399173571599,0.604320347843007,0.391790122127211,0.683881175154805,"0"
"161",0.722999372606711,0.596700430687716,0.299658388437763,0.713440628495049,"0"
"162",0.658299980529174,0.702672059929578,0.251867232429405,0.600845631359284,"0"
"163",0.512206477294853,0.685901057822913,0.343576625670407,0.459685206906899,"0"
"164",0.608580144084114,0.719348767245283,0.249874426519051,0.483455631632069,"0"
"165",0.716072085325487,0.545132405602308,0.33662246167101,0.755841675986797,"0"
"166",0.686112974060533,0.435864948904946,0.403416115622375,0.678237813360976,"0"
"167",0.553014732925167,0.703415192686915,0.311751696211256,0.567549578548242,"0"
"168",0.548986435324406,0.664157128050081,0.284775669330347,0.518377478927412,"0"
"169",0.426688012461329,0.775981769673748,0.389507829495768,0.378695545432227,"0"
"170",0.509780412348831,0.650127410223501,0.296580007323325,0.531356556370878,"0"
"171",0.529390130454536,0.50866501775511,0.368734572554763,0.635696554734172,"0"
"172",0.680163554940181,0.454030166849394,0.39557671182717,0.722682015330478,"0"
"174",0.45627068775285,0.750057437501637,0.390748486871863,0.358094874382826,"0"
"175",0.586041581031088,0.564691839384539,0.40106920541926,0.686915082244469,"0"
"176",0.659732167968327,0.423972579673486,0.425520494539815,0.659542813497368,"0"
"177",0.512957185816585,0.714193985339405,0.240349796454649,0.348711094137865,"0"
"178",0.662985959370876,0.636887972549739,0.292284231158593,0.653405166534821,"0"
"180",0.608221015511758,0.729198082672584,0.258155814504491,0.512381679805778,"0"
"182",0.499602795145274,0.473773699985407,0.544181618454779,0.66483368340653,"0"
"183",0.474598360123748,0.702672059929578,0.384237620350227,0.430191767369541,"0"
"184",0.632001384592086,0.675587003783017,0.311375105003554,0.618131427480291,"0"
"185",0.428725958938191,0.777420887792941,0.416616193163461,0.399154368640716,"0"
"186",0.450455400990849,0.753496952257649,0.386540590604605,0.430475463051365,"0"
"187",0.645691538844298,0.409058286903127,0.43491072005514,0.65813197304891,"0"
"188",0.583943058650455,0.65217270914173,0.335692299739376,0.669066477536212,"0"
"191",0.544927849771759,0.423972579673486,0.456635147651151,0.650230502741482,"0"
"192",0.676316985050732,0.737513985189731,0.230318564628341,0.41509588368477,"0"
"194",0.713566839019536,0.578117621526154,0.354362073793267,0.710407266974004,"0"
"196",0.424290937412111,0.686271501644546,0.293612768432162,0.566065631904853,"0"
"197",0.684066373883132,0.672149734141076,0.287125164236328,0.619401511225074,"0"
"198",0.587590593427515,0.645760663356371,0.342757016391324,0.556616383425625,"0"
"199",0.678705406399412,0.460022376303569,0.400337734507937,0.728606890531657,"0"
"200",0.759388183371914,0.641115522344498,0.263826652594396,0.649948443765515,"0"
"201",0.414282932739113,0.752289080887718,0.397636720012062,0.479789410513107,"0"
"203",0.470653570733185,0.723996153371226,0.238755034785793,0.257001009301945,"0"
"204",0.685377409514744,0.73960418638937,0.236984513321989,0.431462942251562,"0"
"205",0.540740324081085,0.678512387416884,0.353431839231482,0.615873864535312,"0"
"207",0.734296778659975,0.627503395735032,0.261921726581515,0.637602771488584,"0"
"208",0.61549012396426,0.717305713441124,0.243805544187649,0.592383862080253,"0"
"209",0.595820262639811,0.679953750650148,0.324286729704698,0.565645544068305,"0"
"210",0.598684637518119,0.492636250360154,0.47794085338273,0.626879620284241,"0"
"211",0.690318672522338,0.715354709313856,0.217560471277489,0.430333615210453,"0"
"212",0.656815870886788,0.737978723802325,0.226110668361083,0.394778908317194,"0"
"213",0.617804988858361,0.689012785924632,0.240329118831714,0.595062603999018,"0"
"214",0.534161348246544,0.56144091421045,0.463500118465548,0.696368149704029,"0"
"215",0.68626441381996,0.525946334290001,0.358149180433799,0.707444283804796,"0"
"216",0.76828851437596,0.575841075858663,0.302338725310703,0.745748656537276,"0"
"217",0.561962659282176,0.583229746264692,0.342735046416956,0.659824872473335,"0"
"218",0.562092464790256,0.532404853936621,0.482836280612575,0.643810796802968,"0"
"221",0.408381108971724,0.790754620257664,0.412718461240227,0.474006383152841,"0"
"223",0.552240226726954,0.523577065411398,0.491427832942038,0.63456886439892,"0"
"224",0.705743893732558,0.745690690634507,0.218116182393866,0.436896805695736,"0"
"225",0.489108019816974,0.601626210958402,0.417125379628234,0.646068359747947,"0"
"226",0.563381866170521,0.581370791814314,0.44897408835376,0.709278485501514,"0"
"227",0.529390130454536,0.50866501775511,0.368734572554763,0.635696554734172,"0"
"228",0.390130454535621,0.736817999827875,0.302227583087428,0.367898742464333,"0"
"229",0.639781061376371,0.438792577652883,0.386408770758395,0.645927057475654,"0"
"231",0.446768924561366,0.544065976418819,0.51964244943675,0.722611091410022,"0"
"232",0.403621573675443,0.777746429333164,0.416329291145239,0.369382689107723,"0"
"233",0.602470631503797,0.508478269166726,0.459028582505869,0.651217981941679,"0"
"234",0.524994483265907,0.495005519238757,0.527505115557757,0.686280040372078,"0"
"235",0.622806827769725,0.573658824982133,0.349844013181985,0.694181510679506,"0"
"236",0.593254440430089,0.554797621675828,0.392875697331294,0.6618001582149,"0"
"237",0.44726651234234,0.722462740461072,0.399717405819889,0.378908317193595,"0"
"239",0.677749172489886,0.529523699049943,0.366852908867685,0.758520417905562,"0"
"241",0.646206434026351,0.664855358526008,0.309604325069464,0.679154914209335,"0"
"242",0.44442377171538,0.544389272844971,0.53147004975553,0.709137183229221,"0"
"243",0.575687428336543,0.588896414178644,0.372722769078338,0.646491175427589,"0"
"244",0.624745256690392,0.663182748543482,0.309048613953088,0.670477427098393,"0"
"245",0.609787335309262,0.719860653253358,0.252686583238202,0.587020922556535,"0"
"246",0.687008632066287,0.446223905226251,0.388623861115299,0.703140838538967,"0"
"247",0.575973000454319,0.520046174512717,0.459271544575355,0.733195122616547,"0"
"250",0.548553750297471,0.699048445819785,0.293413746311414,0.552802858779563,"0"
"251",0.702399238474353,0.409197483975498,0.418743403622892,0.666597348536512,"0"
"252",0.529563637150336,0.736214064142909,0.292904559846641,0.426738318011948,"0"
"253",0.529511282262077,0.715633103458598,0.313124690374136,0.564232521345372,"0"
"254",0.733453042857452,0.582345171320913,0.301165270209146,0.73001991325459,"0"
"255",0.678216472318975,0.748479122310073,0.229654295991557,0.39005428407758,"0"
"256",0.683940895225321,0.42661956916261,0.435574988691925,0.755274284623149,"0"
"257",0.638547909049607,0.443716112809498,0.394093092381588,0.678519872336943,"0"
"258",0.600038941652424,0.643809659229103,0.350331229672389,0.71273520827082,"0"
"259",0.666698396901975,0.527061257937414,0.361404613694617,0.721339916528001,"0"
"263",0.583077688596586,0.680000898045628,0.311330906584531,0.531782099893614,"0"
"265",0.612136815005517,0.657747327378792,0.316136644624895,0.616790965383671,"0"
"266",0.573671116111027,0.614865648632164,0.372190320287764,0.67083019176737,"0"
"267",0.504004370118772,0.728084506093614,0.340608869838672,0.578340925829946,"0"
"268",0.671267550786405,0.729106032995693,0.229344131647533,0.423137565127254,"0"
"269",0.544927849771759,0.423972579673486,0.456635147651151,0.650230502741482,"0"
"270",0.718196568807737,0.563344770942237,0.332082452021453,0.754990588941324,"0"
"272",0.737983255089458,0.733611976935195,0.238201908372283,0.482822772034153,"0"
"273",0.695394067888281,0.507642031528885,0.389399271975359,0.728115878774653,"0"
"274",0.621292430175454,0.66183568010118,0.32621336722166,0.690865544613874,"0"
"275",0.732968435627285,0.512334207680535,0.33976729058522,0.728748738372569,"0"
"276",0.65316400925946,0.649849016078759,0.286194671204256,0.646632477699883,"0"
"278",0.563710706790991,0.401997403151392,0.554215434983953,0.563599661747456,"0"
"279",0.543454989940073,0.683808611509203,0.265620436384001,0.560779071987779,"0"
"280",0.588057893256604,0.683346118010679,0.332281732612488,0.498486047082572,"0"
"281",0.513777556627653,0.498861502654847,0.536342214659573,0.715980250415996,"0"
"282",0.680717391774658,0.443298521592385,0.39347276369354,0.693687225510789,"0"
"283",0.629184605066742,0.418072419896201,0.430348719495121,0.648607981668894,"0"
"284",0.518646561235748,0.489058885600213,0.545688500226162,0.704128317739164,"0"
"285",0.448452069316141,0.739745628575812,0.260303702586857,0.346452440055648,"0"
"286",0.581489734547736,0.364784637432787,0.547283261895018,0.617355628904225,"0"
"287",0.562763126582005,0.409940616732835,0.545732440174898,0.571712267110396,"0"
"288",0.543472297341151,0.74601623217473,0.299991815107588,0.446351509861153,"0"
"289",0.523793349631136,0.575423484641549,0.448353759665712,0.705398401483947,"0"
"290",0.644986262250395,0.649013833644531,0.339789519029875,0.587441010393082,"0"
"291",0.615805984033923,0.588106134025826,0.352501604669697,0.644163234130773,"0"
"292",0.408848408800813,0.777793576728644,0.338659952182997,0.24162142993535,"0"
"293",0.683612054604851,0.646598090904669,0.273837206797769,0.6556627294798,"0"
"295",0.613166605369621,0.535238187893597,0.438076981067052,0.673228947870919,"0"
"298",0.559678082339961,0.689616721609597,0.331550778641739,0.546948907498841,"0"
"299",0.554157021396275,0.527944036789936,0.477630689038706,0.635274284623148,"0"
"301",0.518945113904334,0.409197483975498,0.454797423912809,0.612417141766006,"0"
"302",0.633290785972352,0.662718009930888,0.329646111099145,0.705257099211653,"0"
"303",0.577604223005863,0.705644590958926,0.303956749305361,0.590758067595952,"0"
"304",0.421725115202388,0.771662170202098,0.402421005018631,0.487618320194222,"0"
"305",0.607372952858966,0.744343622192204,0.258864023090012,0.49171008483592,"0"
"306",0.549198450987604,0.728502097310728,0.301253150106619,0.568962601271175,"0"
"307",0.516578759492028,0.716189891748083,0.251688887931592,0.402045882320849,"0"
"308",0.574069186335807,0.401763911288059,0.556828569582355,0.550686052538258,"0"
"309",0.704428531250676,0.737747477053063,0.227594287806664,0.424976131372923,"0"
"310",0.688497068558943,0.681996804454306,0.26504404764469,0.607621593605936,"0"
"311",0.678705406399412,0.448594745684704,0.401136407693799,0.686350418723915,"0"
"312",0.722328710814962,0.397630656284261,0.427159196157408,0.653405166534821,"0"
"313",0.573506695800792,0.560742683734523,0.420382105240485,0.676403611664257,"0"
"314",0.596750535447721,0.625830785752506,0.290180283024964,0.602187730161761,"0"
"315",0.555805551348896,0.69746788551415,0.283470394382579,0.617073569928258,"0"
"318",0.620305908314043,0.636236889469292,0.355491588946087,0.585116888076598,"0"
"319",0.573061030223049,0.403530816061546,0.541302259461089,0.581870754794184,"0"
"322",0.666317634078273,0.724552941660711,0.235743855945894,0.483668403393437,"0"
"323",0.4296562317461,0.554516982417015,0.537249445365843,0.717391090864454,"0"
"324",0.67275598727906,0.734355109692532,0.235056324983307,0.443667312256199,"0"
"325",0.657252882763992,0.538024374455092,0.386452710707132,0.764516217027197,"0"
"326",0.697457975466759,0.565295775069505,0.363286018911409,0.719225292561172,"0"
"328",0.687138437574368,0.721625312912774,0.209235143343313,0.38067050383262,"0"
"329",0.656798563485711,0.662392468390665,0.319215025739333,0.640776889713304,"0"
"331",0.550596023624603,0.564321395562906,0.401733474056045,0.657073569928258,"0"
"332",0.593059732167968,0.537142044625384,0.445629482844035,0.715698191440028,"0"
"333",0.658711031304762,0.538583407858648,0.369998492256661,0.756687307346082,"0"
"335",0.674720377301343,0.540904855807549,0.383351067266892,0.715345208543605,"0"
"336",0.654700041105078,0.417791780637388,0.447467206582377,0.750478736463079,"0"
"337",0.676304004499924,0.597259464091271,0.35487126025804,0.684727897651327,"0"
"338",0.548796053912554,0.56153296388734,0.464143709479398,0.711606426798331,"0"
"339",0.546418017004522,0.635307412244104,0.393850130312103,0.659542813497368,"0"
"341",0.720710468814227,0.685806763031952,0.275850690331057,0.627090755339753,"0"
"342",0.45362698223828,0.76761871976112,0.340653068257695,0.294317902834229,"0"
"343",0.679198667330117,0.514424857902989,0.359655028324036,0.730865544613874,"0"
"344",0.533266122925816,0.742439765460417,0.300369181726151,0.452767396819335,"0"
"345",0.660389849209268,0.669314155070029,0.302938376375816,0.677955208816389,"0"
"346",0.424290937412111,0.686271501644546,0.293612768432162,0.566065631904853,"0"
"348",0.648780909936612,0.529709369983573,0.377483791759106,0.687832183092829,"0"
"349",0.639214243991087,0.579094246146823,0.357529110216038,0.690018822117352,"0"
"350",0.319256647123726,0.700581858729939,0.417768970642083,0.61636760413541,"0"
"351",0.450494342643273,0.738304265342548,0.392942899605833,0.360637224146867,"0"
"353",0.518945113904334,0.409197483975498,0.454797423912809,0.612417141766006,"0"
"354",0.543154706531381,0.629220907998967,0.389487151872833,0.655803486183475,"0"
"355",0.658122579668131,0.719629406504096,0.232334632864497,0.450514198423307,"0"
"357",0.622417411245484,0.713125311041845,0.251047881620609,0.613545923238495,"0"
"358",0.643381000800467,0.704297522516623,0.261588299911689,0.623704956490903,"0"
"359",0.621166951517643,0.752055589024386,0.251334783638831,0.432379497531302,"0"
"361",0.622222702983363,0.414913544399002,0.44496521420725,0.675627267519572,"0"
"362",0.651156350734483,0.582578663184245,0.36014224481444,0.680072015057694,"0"
"364",0.626069272872812,0.52218329859643,0.37132702953023,0.732556807332442,"0"
"365",0.754892585942064,0.634472229809876,0.274367070885476,0.663281649799504,"0"
"366",0.673443956471886,0.548152084027136,0.378013655846813,0.719154914209335,"0"
"367",0.656958656945676,0.651382428988913,0.290645529541,0.665256935541068,"0"
"368",0.644432425415919,0.682973429074976,0.326855665884076,0.527761259172372,"0"
"369",0.65607597949073,0.580254970121274,0.34249130893661,0.657355628904225,"0"
"370",0.59966683252926,0.540161723050212,0.366566006849463,0.713158569519081,"0"
"371",0.602167751984943,0.732915991573339,0.254568246925281,0.502997899560817,"0"
"372",0.684390887653333,0.420858606457696,0.410637775432399,0.665398074142775,"0"
"374",0.587365597213509,0.708385875239011,0.276184117000883,0.62511579693936,"0"
"375",0.439560392012634,0.510801153988632,0.514149955844659,0.638731007392455,"0"
"377",0.644471367068343,0.685202827346986,0.245265901307429,0.600070923920456,"0"
"378",0.418501611751725,0.77087189004928,0.405233161737782,0.382083526555553,"0"
"379",0.628115873050213,0.71149760334073,0.239419303422577,0.484301262991353,"0"
"381",0.570032235034507,0.510104293032289,0.497739677342926,0.649807141493221,"0"
"382",0.739164485212989,0.737004344295726,0.231070713162599,0.464551678987425,"0"
"383",0.541999437509465,0.569756816727597,0.447534408856915,0.696226847431736,"0"
"384",0.669627674534323,0.737004344295726,0.232045146143408,0.417425461687444,"0"
"385",0.528402310538044,0.742161371315674,0.296735089495337,0.43922638369841,"0"
"387",0.396733228046643,0.759489161711825,0.38665173282788,0.477388908589978,"0"
"388",0.705298228154815,0.449477075514412,0.409926982144011,0.731782099893614,"0"
"389",0.407230166800078,0.768130605769195,0.403571197794387,0.487760168035135,"0"
"390",0.669043549747961,0.743230045613234,0.229101169578047,0.395062603999018,"0"
"392",0.596711593795297,0.663647487156077,0.348205311564391,0.54511579693936,"0"
"393",0.542230491313848,0.634146688269653,0.37996252180843,0.657214326631932,"0"
"394",0.66839019535729,0.734914143096087,0.236165162513193,0.462505796666576,"0"
"395",0.406814789174221,0.781277993766067,0.34408581213518,0.243105376578739,"0"
"396",0.559288665815719,0.608687094710137,0.302162965515756,0.570795711830656,"0"
"397",0.62065638318586,0.579603887040828,0.345436836323691,0.698272729752585,"0"
"398",0.487473335785215,0.643436970293399,0.372588364529261,0.602962437600589,"0"
"399",0.694809943101919,0.517258865394186,0.389399271975359,0.73185302381407,"0"
"402",0.600424031326396,0.378118369897511,0.537427789863657,0.619824872473335,"0"
"404",0.638245029530753,0.451196832892418,0.394292114502337,0.683246678851033,"0"
"405",0.521134500140623,0.525157625717033,0.356201348353329,0.642117897378543,"0"
"406",0.530221751076304,0.67595744760465,0.368558812759817,0.504901934040754,"0"
"407",0.51109750557082,0.687618570086848,0.364394856441295,0.484093946916173,"0"
"408",0.502017393938083,0.648362750564085,0.365035862752278,0.604659156005347,"0"
"409",0.687424009692145,0.534634252208631,0.355292049884765,0.718801931312911,"0"
"410",0.532520606624408,0.668665317103653,0.345658345359381,0.643810796802968,"0"
"411",0.588685286545659,0.519628134272789,0.456746289874427,0.725715376851524,"0"
"413",0.668113276940052,0.72878049145547,0.235632713722618,0.473651763550561,"0"
"414",0.655141379832551,0.505783638357026,0.402022960777134,0.8,"0"
"415",0.590450641455552,0.717166516368753,0.245622590303056,0.564232521345372,"0"
"416",0.669220950609004,0.42234487197237,0.441155362181489,0.718379115633269,"0"
"418",0.554537784219977,0.540348067518064,0.472913606306675,0.642611091410022,"0"
"419",0.450286653830344,0.544901158853046,0.517760785749672,0.689525082517254,"0"
"420",0.589386236289293,0.394377485996101,0.559242682060008,0.588363021359011,"0"
"421",0.39722216212708,0.782252373272665,0.409528937902514,0.462222100984751,"0"
"422",0.454955325270969,0.538305013713905,0.535677946022789,0.700530292697564,"0"
"423",0.713982216645393,0.734029568152309,0.224870010984987,0.430262691289997,"0"
"424",0.49942409622915,0.706944512005748,0.361072479376225,0.435767478654628,"0"
"426",0.58007485450966,0.401254270394055,0.548942641135546,0.553653945825036,"0"
"427",0.438837808017654,0.752612377313871,0.408554504921705,0.442821680896915,"0"
"428",0.448452069316141,0.739745628575812,0.260303702586857,0.346452440055648,"0"
"429",0.652878437141683,0.505923059940804,0.357395998018395,0.682258654082217,"0"
"432",0.561326612292582,0.61974428150737,0.388357636720012,0.67837857006465,"0"
"433",0.728728122363326,0.694030615872208,0.252598703340728,0.580741427753076,"0"
"435",0.748181641174307,0.735657275853424,0.225666099467982,0.458272184183966,"0"
"436",0.557220431386972,0.706760412651966,0.280614297714692,0.625891595515426,"0"
"437",0.521134500140623,0.525157625717033,0.356201348353329,0.642117897378543,"0"
"438",0.528131017026156,0.64464484166333,0.380117603980442,0.641200250961565,"0"
"439",0.68004240313264,0.636748775477368,0.28572942468822,0.667796666575739,"0"
"440",0.709296237803691,0.556515133939764,0.329313976780753,0.751608063504187,"0"
"441",0.653367371222119,0.524088053373845,0.391014711267151,0.769595460869091,"0"
"442",0.542265106116003,0.739186595172256,0.298086889094708,0.447688152977441,"0"
"443",0.650040023364992,0.729292377463545,0.237871066405325,0.463776971548597,"0"
"444",0.663505181403198,0.576445011543628,0.358636396924204,0.683105376578739,"0"
"446",0.642671397356295,0.432566876335375,0.408334805178021,0.655309746583377,"0"
"447",0.610825779373905,0.575796173577253,0.341804811855171,0.663281649799504,"0"
"448",0.673971832204747,0.575980272931034,0.360629461304844,0.699401511225074,"0"
"449",0.675023256820198,0.746945709399919,0.240349796454649,0.431042854415014,"0"
"450",0.675239599333665,0.435353062896871,0.41849785685054,0.725644452931067,"0"
"451",0.664457088462454,0.420348965563692,0.448906886079221,0.740107477017922,"0"
"452",0.750509486619216,0.684228447840387,0.267235875675792,0.615873864535312,"0"
"453",0.538071522834952,0.713217360718736,0.304887242337433,0.584549496712949,"0"
"454",0.659433615299743,0.728688441778579,0.233771727658475,0.477388908589978,"0"
"455",0.574017264132575,0.64673728797704,0.350309259698021,0.692488065686462,"0"
"458",0.532485991822253,0.579464689968456,0.447599026428587,0.701659074170054,"0"
"459",0.694424853427947,0.440231695772076,0.41526439356409,0.735873864535312,"0"
"460",0.538210414728598,0.71252137535688,0.274367070885476,0.59061621975504,"0"
"462",0.638608484953378,0.705274147137293,0.261655502186228,0.613616301590333,"0"
"463",0.718283105813124,0.679953750650148,0.276072974777608,0.619824872473335,"0"
"464",0.420509270276702,0.76116177169435,0.385943524242359,0.478660083471999,"0"
"465",0.753075308828938,0.499279542894775,0.34645572619381,0.741449575820399,"0"
"466",0.387923760898254,0.783089800820963,0.354118336312921,0.2,"0"
"467",0.554338749107587,0.590012235871684,0.386739612725354,0.642682015330478,"0"
"468",0.633390303528546,0.71038402676176,0.261611562237491,0.609738399847241,"0"
"469",0.702468468078662,0.671081059843516,0.251867232429405,0.584833192394773,"0"
"471",0.542455487527854,0.717862501730609,0.316358153660586,0.546457895741837,"0"
"473",0.670782943556238,0.648084356419342,0.283801236349538,0.664551460759977,"0"
"474",0.626757242065638,0.673357605511007,0.31547237598811,0.563883357429281,"0"
"475",0.616407416221362,0.728223703165985,0.254568246925281,0.502926975640361,"0"
"476",0.67004305216018,0.514424857902989,0.388667801064036,0.778553697591315,"0"
"477",0.521134500140623,0.525157625717033,0.356201348353329,0.642117897378543,"0"
"478",0.65567790926595,0.659419937361318,0.305504986322614,0.645221637251425,"0"
"479",0.427765398178396,0.528408550891123,0.520927046761583,0.667867208598161,"0"
"480",0.595400558163685,0.564831036456911,0.386718935102419,0.66412820862544,"0"
"481",0.545690240789218,0.496399286053726,0.522477868481703,0.629489620557026,"0"
"483",0.505009406572486,0.697050294297036,0.349755357873651,0.45820126026351,"0"
"484",0.546579841204595,0.670661223512331,0.369709005535572,0.532344035571074,"0"
"486",0.662955671418991,0.67265937503508,0.277977900790488,0.603949916800786,"0"
"487",0.672721372476906,0.652960744180477,0.27377000452323,0.612699200741973,"0"
"488",0.655171667784436,0.707038806796709,0.25421414263252,0.616015166807605,"0"
"489",0.5536594336153,0.687061781797364,0.364880780580266,0.511181428844213,"0"
"492",0.637241200268265,0.434425830785753,0.469238158829991,0.711465124526037,"0"
"493",0.425039482508708,0.752381130564609,0.408200400628944,0.497776807878011,"0"
"494",0.62621638578197,0.763020726144728,0.250316410709286,0.425254371368559,"0"
"495",0.615892521039309,0.410266158273058,0.491339953044565,0.670618511143239,"0"
"497",0.650758280509703,0.417282139743384,0.449503952441467,0.724727897651327,"0"
"498",0.502623888540337,0.473216911695922,0.555699054429535,0.70758504050847,"0"
"499",0.529390130454536,0.50866501775511,0.368734572554763,0.635696554734172,"0"
"500",0.542969517339853,0.657188293975236,0.351062183643139,0.642258654082217,"0"
"501",0.671907924626268,0.592427978611547,0.354827061839016,0.685574620147849,"0"
"502",0.560945849468879,0.567060434728921,0.388600598789498,0.656015166807605,"0"
"503",0.59145879756831,0.355121666473337,0.546818015378982,0.653263864262528,"0"
"504",0.717988879994808,0.515446833827882,0.342004092446206,0.684727897651327,"0"
"505",0.627138004889341,0.651752872810546,0.317620522540763,0.634357183774789,"0"
"506",0.615684832226381,0.703042503751212,0.259241389708575,0.594991680078562,"0"
"507",0.595262098955066,0.695703225854734,0.337220427768325,0.487831091955591,"0"
"508",0.703796811111352,0.635540904107436,0.281743812867512,0.676897351264355,"0"
"510",0.491932587672804,0.712379933170438,0.323002132379865,0.552944706620475,"0"
"511",0.659472556952167,0.563113524192975,0.385501540052125,0.706315502332306,"0"
"512",0.675321809488783,0.565387824746396,0.375956232364788,0.715627813088191,"0"
"514",0.76160353070982,0.647664520088158,0.269673250479247,0.646420797075752,"0"
"515",0.591900136295784,0.55070926895344,0.417725030693347,0.689736763141384,"0"
"516",0.759042035350367,0.642601787859172,0.262852219613587,0.633158023950462,"0"
"517",0.400930272807909,0.792240885772338,0.412785663514765,0.350544204697346,"0"
"518",0.580940224563529,0.607292878872354,0.391901264350486,0.707514662156633,"0"
"519",0.68818553533955,0.453426231164428,0.378192000344627,0.705398401483947,"0"
"521",0.642710339008719,0.638374238064412,0.331838714541108,0.649948443765515,"0"
"522",0.53990264586894,0.714797921024371,0.281079544230728,0.438238904498213,"0"
"523",0.527570689916276,0.530870767492245,0.440646175716717,0.609171008483592,"0"
"524",0.596945243709841,0.463414743664101,0.402731169362655,0.66299942715295,"0"
"525",0.519027756744478,0.611893117602817,0.389797316216857,0.656015166807605,"0"
"526",0.559851156350734,0.70717800386908,0.297024576216426,0.568395209907526,"0"
"528",0.614291586439651,0.678233993272142,0.325792577594934,0.52190730789165,"0"
"530",0.44462280682777,0.789919437823437,0.354494927520624,0.254529583458359,"0"
"532",0.650009735413106,0.74174153498449,0.240217976608439,0.464551678987425,"0"
"533",0.613854574562447,0.559442762687701,0.407026945527387,0.709701846749775,"0"
"535",0.713592800121152,0.68343816768757,0.273328020332996,0.599716304318176,"0"
"536",0.588970858663436,0.402044550546872,0.557027591703104,0.564516217027197,"0"
"537",0.624377474417498,0.524088053373845,0.443879639003166,0.650865544613874,"0"
"539",0.535963481383727,0.508013687712117,0.483190384905335,0.592662102075889,"0"
"540",0.688484088008135,0.542485416113184,0.324131647532686,0.718379115633269,"0"
"542",0.66335374164377,0.60580661335768,0.351084412087794,0.684798276003164,"0"
"544",0.443186292538347,0.77087189004928,0.335138630538264,0.278872855233367,"0"
"545",0.688410531553556,0.536120517723305,0.353852628858208,0.718026132736845,"0"
"547",0.567470739675054,0.706574068184114,0.278929071445495,0.630759704301809,"0"
"550",0.657387015122342,0.525295924743777,0.387049777069378,0.772066886712676,"0"
"551",0.676559288665816,0.532496903613511,0.356266741335861,0.72099075261191,"0"
"552",0.657612011336348,0.719395914640763,0.242763908932302,0.598379661201888,"0"
"553",0.664335936654912,0.731196234195332,0.231205117711676,0.428145885048692,"0"
"555",0.61920256149536,0.401115073321684,0.500885260731902,0.666526801058403,"0"
"556",0.603755706033793,0.593031914296512,0.352944622741077,0.644656973730871,"0"
"557",0.572515847089112,0.687200978869735,0.335160781441833,0.548007310619493,"0"
"558",0.679527507950587,0.520789531781461,0.363198139013936,0.72670285605172,"0"
"559",0.694416199727409,0.39967371008842,0.42363624614987,0.664763141384108,"0"
"560",0.591952058499016,0.503553791062201,0.470277209382472,0.725082517253608,"0"
"561",0.679704908811631,0.76009309739679,0.223983457901652,0.407757985760659,"0"
"563",0.398243298790645,0.795029317447904,0.360341525405475,0.249450339616465,"0"
"564",0.682945719663371,0.754518479159729,0.236010080341181,0.43830437273248,"0"
"565",0.592073210306557,0.527711667483639,0.456480065479139,0.743844622057339,"0"
"566",0.572636998896653,0.686875437329512,0.34413026902449,0.54659428789656,"0"
"567",0.618994872682431,0.679536159433034,0.329247549917074,0.575378488229357,"0"
"569",0.692637864266707,0.583972879022028,0.358237577271846,0.701800376442347,"0"
"571",0.675101140125046,0.530081160873649,0.356931009972645,0.703281595242642,"0"
"573",0.742850961642473,0.741975026847822,0.222567040730609,0.446984369459069,"0"
"574",0.628107219349675,0.715121217450523,0.242389127016607,0.600638315284105,"0"
"576",0.617649222248664,0.689012785924632,0.330532147241907,0.570299244387463,"0"
"577",0.518739155831512,0.73523743952224,0.305660068494626,0.441130418178346,"0"
"578",0.673283863011921,0.401671861611169,0.424390979386995,0.63703810796803,"0"
"579",0.598818769876468,0.491056588100147,0.468506687918668,0.629277939932895,"0"
"580",0.554840663738831,0.709780091076794,0.282850065694531,0.604866472080526,"0"
"584",0.60715228349523,0.355678454762822,0.554280052555625,0.641905671185793,"0"
"586",0.692477770806741,0.390149936201342,0.436924203588429,0.627937477836275,"0"
"587",0.571576920580663,0.701138647019424,0.347452129148987,0.54751629886249,"0"
"588",0.566471237262835,0.69746788551415,0.28236414155556,0.559011429662566,"0"
"590",0.545205200874024,0.703228848219063,0.294367501669287,0.59520445183993,"0"
"591",0.705259286502391,0.44167305900534,0.405830228100028,0.732485883411986,"0"
"592",0.570763472730026,0.383785037811463,0.560372197212829,0.572416050628768,"0"
"594",0.383921424399109,0.549036658970915,0.511759105692808,0.644586595379034,"0"
"595",0.729835796032278,0.588061231744416,0.304222973700648,0.721623612209826,"0"
"597",0.533040694026783,0.625552391607764,0.364216511943481,0.643387435554707,"0"
"598",0.74736819332367,0.740488761333149,0.212556486527236,0.428855124253253,"0"
"600",0.674711723600805,0.443763260204979,0.393826867986301,0.683175754930577,"0"
"601",0.554710858230751,0.652915841899067,0.376708380899046,0.704339998363294,"0"
"602",0.615386279557796,0.568084206745071,0.384480582419713,0.688325922692927,"0"
"603",0.625121692663825,0.75572635052966,0.244692097270985,0.426100002727843,"0"
"604",0.667542132704498,0.571660673459384,0.353719775130851,0.685009956627295,"0"
"605",0.390130454535621,0.736817999827875,0.302227583087428,0.367898742464333,"0"
"607",0.442935335222725,0.775934622278267,0.347385702285308,0.284584958673177,"0"
"609",0.724764727516604,0.582857057328988,0.303801667133349,0.727406639570092,"0"
"610",0.652212102200203,0.63056797644127,0.271423094320115,0.617284704983769,"0"
"611",0.494485429331718,0.718513584811055,0.391702242229737,0.42744210153032,"0"
"612",0.66997382255587,0.711172061800507,0.223342451590669,0.446351509861153,"0"
"613",0.45541397139952,0.549918988800623,0.515346673272018,0.704622057339262,"0"
"615",0.613257469225277,0.662810059607779,0.3358694811209,0.690865544613874,"0"
"616",0.495779157562253,0.716237039143564,0.240882245245224,0.294814370277422,"0"
"618",0.492672479068862,0.693053991251539,0.255630559803563,0.528465042690744,"0"
"620",0.529343833156654,0.680510538939633,0.377349387210029,0.490509833874356,"0"
"623",0.722899855050516,0.497328538767507,0.349666961035604,0.72670285605172,"0"
"624",0.668074335287627,0.670382829367589,0.297355418183385,0.68825554434109,"0"
"625",0.706167925058953,0.680744030802965,0.273969026643979,0.598799749038435,"0"
"626",0.681876987646843,0.442600291116458,0.397859004458612,0.707514662156633,"0"
"627",0.58424593816931,0.645343072139257,0.35077424774377,0.69432226738318,"0"
"629",0.657226921662376,0.525388872466295,0.38038382837573,0.701518317466379,"0"
"630",0.66726088743699,0.387455799316737,0.435507786417386,0.598025041599607,"0"
"631",0.617151634467689,0.588200428816788,0.356333168199539,0.710618947598134,"0"
"633",0.664539298617572,0.420580212312954,0.446802937945592,0.729523445811397,"0"
"634",0.696358955498345,0.456445909589256,0.380693992719754,0.715980250415996,"0"
"635",0.8,0.626387574041991,0.270913907855343,0.696156469079899,"0"
"636",0.586768491876339,0.452728000688502,0.409242035884292,0.622858233994381,"0"
"638",0.647504489107154,0.668200578491059,0.302361987636505,0.678519872336943,"0"
"640",0.672781948380677,0.441114025601784,0.402110840674607,0.677391090864454,"0"
"641",0.684979339289964,0.499233293544923,0.342690589527646,0.681553233857989,"0"
"644",0.521251757782922,0.662161221641403,0.383485471815969,0.632946343326332,"0"
"645",0.63594747203773,0.451010488424566,0.396551144807978,0.682893695954609,"0"
"646",0.631187936741449,0.644970383203553,0.333743382083701,0.634357183774789,"0"
"647",0.554979122947451,0.740302416865297,0.303491502789325,0.445996890258872,"0"
"648",0.668217121346516,0.567060434728921,0.370484416395632,0.697214872200551,"0"
"649",0.538348873937217,0.643436970293399,0.367493915178668,0.647126217299981,"0"
"650",0.488091210003678,0.485713216612347,0.544734744868288,0.693405166534821,"0"
"651",0.513823853925535,0.721068524623289,0.334186322613996,0.564941760549933,"0"
"653",0.705635722475824,0.433496353560564,0.403770219915136,0.696509451976322,"0"
"654",0.64998377431149,0.412542703940549,0.492335063648308,0.676332687743801,"0"
"655",0.656690392228977,0.57449400741636,0.363973549873996,0.688607981668895,"0"
"658",0.492672479068862,0.693053991251539,0.255630559803563,0.528465042690744,"0"
"659",0.549700365618848,0.353588253563183,0.550870829474228,0.595488147521755,"0"
"660",0.599376933561214,0.570639146557305,0.370949662911668,0.656368149704029,"0"
"663",0.63336434242693,0.706666117861005,0.242652766709027,0.591325458959601,"0"
"664",0.668247409298401,0.434888324284276,0.405101341891572,0.669983632941433,"0"
"665",0.736559721350843,0.593541555190517,0.291798307019622,0.72522436509452,"0"
"666",0.584198342816347,0.646829337653931,0.358348461024835,0.696509451976322,"0"
"668",0.502623888540337,0.496631655360023,0.536207810110496,0.691077225238004,"0"
"669",0.529390130454536,0.508664097258342,0.368734572554763,0.63569764587141,"0"
"670",0.693498907470307,0.519628134272789,0.373542119887135,0.776578739190922,"0"
"671",0.655362049196288,0.415748726833229,0.427115256208672,0.662082326304591,"0"
"672",0.527177811911819,0.435956998581836,0.416484373317251,0.612628822390136,"0"
"673",0.604928282456786,0.450220208271749,0.418123074934844,0.661659074170054,"0"
"674",0.425312074075677,0.756934221899591,0.418986365692377,0.39964538039772,"0"
"675",0.564212621422236,0.708572219706863,0.287169104185065,0.63703810796803,"0"
"676",0.497483071198321,0.641625163238502,0.349511878863592,0.628149158460405,"0"
"678",0.515533392466954,0.718605634487946,0.241324229435458,0.325147985487875,"0"
"679",0.611457499513229,0.540487264590435,0.380893014840502,0.688960964565318,"0"
"680",0.538366181338295,0.658351263063758,0.30709974799147,0.608679996726588,"0"
"681",0.65382601735067,0.57547063203703,0.363177461391001,0.696156469079899,"0"
"682",0.601748047508816,0.416213465445824,0.47189523337713,0.644445838675359,"0"
"686",0.680868831534085,0.680744030802965,0.282806125745795,0.602542349764042,"0"
"687",0.537655712524068,0.639907650974567,0.367540439830271,0.631112141629613,"0"
"688",0.48135084265409,0.67372804933264,0.348670299610141,0.587020922556535,"0"
"689",0.618120848928023,0.63925656789412,0.338327766170547,0.580386808150795,"0"
"690",0.63555372866322,0.434284388599311,0.403483317896913,0.636473990016094,"0"
"691",0.757904073729529,0.630244680015117,0.274501475434553,0.66299942715295,"0"
"692",0.529390130454536,0.50866501775511,0.368734572554763,0.635696554734172,"0"
"693",0.676784284879822,0.759581211388715,0.235123527257846,0.429346136010257,"0"
"694",0.571672111286589,0.715354709313856,0.294432119240959,0.571570419269484,"0"
"695",0.536743179802263,0.517444536327817,0.39347276369354,0.692770124662429,"0"
"696",0.526149752287822,0.738769003955143,0.308275787795895,0.447268065140893,"0"
"697",0.575877809748394,0.685714713355061,0.313988498072242,0.472309664748084,"0"
"698",0.660800899984856,0.663182748543482,0.306590561526698,0.681764914482119,"0"
"699",0.644904052095277,0.425968486082164,0.473112628427424,0.688890040644862,"0"
"700",0.674166540466867,0.739325792244628,0.230848428716049,0.422717477290706,"0"
"702",0.746615321376804,0.744157277724353,0.223319189264867,0.429700755612537,"0"
"703",0.667053198624062,0.426201977945496,0.439870764856657,0.73756512725388,"0"
"705",0.664889773489388,0.666249574363791,0.288784543476856,0.659331132873237,"0"
"706",0.693524868571923,0.43953571041022,0.398034764253559,0.709207561581058,"0"
"707",0.659727841118058,0.541603086283476,0.363043056841924,0.742786218936687,"0"
"708",0.705899660342254,0.400789531781461,0.425939216404248,0.652628822390136,"0"
"709",0.728533414101205,0.59814179392098,0.28537532039546,0.688607981668895,"0"
"710",0.646154511823118,0.585968785430707,0.341981864001551,0.662717259063259,"0"
"711",0.608597451485191,0.545644291610383,0.414977491545868,0.705468779835784,"0"
"712",0.579369577915756,0.408871942435275,0.549141663256295,0.56776235030961,"0"
"713",0.712238495986846,0.666063229895939,0.285021216102699,0.647267519572274,"0"
"714",0.681937563550613,0.737978723802325,0.234991707411635,0.438167980577757,"0"
"715",0.61529108885187,0.584668864383885,0.389153725203007,0.680989115906053,"0"
"716",0.655777426822145,0.701648287913428,0.258246279104831,0.634075124798822,"0"
"717",0.5271791099669,0.435956998581836,0.416484373317251,0.612629913527374,"0"
"718",0.633883564459252,0.672380980890337,0.326058543519935,0.543986469898252,"0"
"720",0.581494061398006,0.491939366952669,0.480995972171366,0.737499659019613,"0"
"721",0.729749259026891,0.516561981986702,0.341273396945743,0.730723696772962,"0"
"722",0.485203470133916,0.478513135788241,0.519776853985827,0.644374914754903,"0"
"723",0.714341345217749,0.691336478987603,0.26035022723846,0.586033443356338,"0"
"725",0.726292105661684,0.701324991487276,0.248964611109915,0.58194167871464,"0"
"726",0.661250892412868,0.425133303647936,0.409707282400327,0.627514116588014,"0"
"728",0.390130454535621,0.736817999827875,0.302227583087428,0.367898742464333,"0"
"730",0.463196676978993,0.511265735443242,0.497408835375967,0.585466051992689,"0"
"731",0.628760573740346,0.733751174007566,0.253792836065221,0.496718404757358,"0"
"733",0.387257425956775,0.766365946109779,0.391146531113361,0.450159578821026,"0"
"735",0.625684183198841,0.556840675479987,0.384149740452754,0.687267519572274,"0"
"736",0.657689894641196,0.659837528578431,0.31547237598811,0.692488065686462,"0"
"739",0.544812322869567,0.720976474946398,0.319502961638702,0.575100248233722,"0"
"740",0.58351902732406,0.363855160207598,0.544734744868288,0.643528192258381,"0"
"742",0.659870627176947,0.439719809764001,0.409242035884292,0.67971903216127,"0"
"743",0.533340977435476,0.726086354570865,0.329181123053396,0.575591259990725,"0"
"744",0.712069748826342,0.54754814834217,0.335293661016219,0.747794538858125,"0"
"745",0.720403262445103,0.696724752756813,0.270913907855343,0.596404702801495,"0"
"746",0.537470956017567,0.577235291696446,0.412010252654705,0.662646717040836,"0"
"748",0.503680894792636,0.670290779690698,0.35690878152799,0.625044873018904,"0"
"749",0.54172771131255,0.509407427585717,0.507328924978999,0.637391090864454,"0"
"751",0.679601064405166,0.410638847208762,0.459315484524092,0.728394118770288,"0"
"752",0.60225428899033,0.691058084842861,0.330200012923514,0.487972939796503,"0"
"753",0.521349977284036,0.657374638443088,0.328007409481552,0.635556889167735,"0"
"754",0.641174307163101,0.39312471234476,0.507197105132789,0.697708611800649,"0"
"755",0.60841139692361,0.514517805625508,0.461928619122493,0.74476117733708,"0"
"756",0.708556346407633,0.555819148577907,0.329646111099145,0.733898906134919,"0"
"757",0.678324643575709,0.737049246577137,0.23488056518836,0.444163779699392,"0"
"759",0.674789606905653,0.550848466025811,0.336024511598854,0.733544286532639,"0"
"760",0.505448369859161,0.704389572193514,0.37278738665001,0.449946807059658,"0"
"761",0.64495164744824,0.518420262902858,0.372854588924548,0.731569328132246,"0"
"762",0.602072561279017,0.589500349863609,0.345747000667715,0.681835292833956,"0"
"763",0.444250697704606,0.583739387158696,0.300632821418571,0.557532938705366,"1"
"764",0.521581031088419,0.506016007663323,0.335803028410192,0.685503696227393,"1"
"765",0.432542240875755,0.348617571011087,0.540637990824305,0.719154914209335,"1"
"766",0.338190943902386,0.221741684658761,0.741973420638852,0.596475626721951,"1"
"767",0.350314778357095,0.324830587434097,0.597245568311543,0.719154914209335,"1"
"768",0.406031629275469,0.50234591969227,0.371128007409482,0.741449575820399,"1"
"769",0.428626441381996,0.570731196234195,0.271177547547763,0.544482937341444,"1"
"770",0.466015187244445,0.581045250274091,0.289539276713981,0.505682097165771,"1"
"773",0.400359128572356,0.304110429677415,0.578154952936869,0.630759704301809,"1"
"775",0.478116089392727,0.507177450074276,0.328405970663623,0.693758149431245,"1"
"776",0.488905523224369,0.574168465876137,0.242389127016607,0.499402602362312,"1"
"777",0.249269844017048,0.656678653081232,0.354118336312921,0.301939496440165,"1"
"778",0.4258875451615,0.571009590378938,0.317952656859155,0.537990670776617,"1"
"779",0.471184907946261,0.467085505169375,0.398722295216146,0.728115878774653,"1"
"781",0.349795556324773,0.218908350701785,0.677239537338187,0.526277312528983,"1"
"783",0.48963935703005,0.500534112637373,0.324264501260043,0.700530292697564,"1"
"784",0.525196547173485,0.584668864383885,0.220152928252956,0.445784118497504,"1"
"786",0.432607143629795,0.502485341276048,0.373430977663859,0.667726124553316,"1"
"787",0.414001687471605,0.349686245308647,0.507706291597562,0.647972939796503,"1"
"788",0.389239123380135,0.274564728509581,0.572197212828742,0.571854114951308,"1"
"789",0.484163728014192,0.411568324433951,0.388068149998923,0.707373359884339,"1"
"792",0.310949094606581,0.674704673953309,0.328561052835634,0.296718404757358,"1"
"793",0.386413690154252,0.519442238827751,0.399673465871153,0.678237813360976,"1"
"794",0.405789325660386,0.386899011027252,0.486643547935469,0.714499031615702,"1"
"796",0.526687147091275,0.519953226790198,0.285442522669998,0.697849914072943,"1"
"797",0.575696082037081,0.60464588938323,0.209920089603033,0.521127144766633,"1"
"798",0.540000865370054,0.617885327056992,0.200641006310983,0.334531765732835,"1"
"799",0.267152716180257,0.71363495193585,0.326612186874017,0.340314793093101,"1"
"800",0.365212123834455,0.571939067604127,0.344971848277942,0.619401511225074,"1"
"801",0.415433874910759,0.47521506321867,0.368137506192517,0.690653863989743,"1"
"802",0.465189191528027,0.464065826744547,0.331573007086394,0.669983632941433,"1"
"803",0.53068385868507,0.552613125685228,0.25162427035992,0.648678360020732,"1"
"804",0.544211756052182,0.58415697837581,0.231802184073923,0.575029324313266,"1"
"805",0.492579451788071,0.578211916317115,0.249119693281926,0.507302435963883,"1"
"807",0.236423425567358,0.704111178048771,0.336866075344089,0.464338907226056,"1"
"808",0.318940787054064,0.584251273166771,0.356598875654253,0.611923402165907,"1"
"809",0.373748999415875,0.507827859620501,0.354362073793267,0.663352191821927,"1"
"810",0.431079765484715,0.508989302031454,0.310954315376828,0.637391090864454,"1"
"811",0.476868225775047,0.56478388906143,0.260505309410472,0.610300335524701,"1"
"812",0.467343530277135,0.552660273080708,0.275297563917548,0.606912354401375,"1"
"813",0.415312723103217,0.532822445153734,0.3246633209124,0.606492266564827,"1"
"815",0.450321268632499,0.476144540443859,0.410857475176083,0.690724242341581,"1"
"816",0.370014927633429,0.355633552481412,0.614232235552588,0.610867726888349,"1"
"817",0.294615234839798,0.376677006664247,0.620476877678937,0.62151777189776,"1"
"818",0.392722237846959,0.59600444532586,0.328007409481552,0.596546550642407,"1"
"819",0.515256041364689,0.542299071645332,0.299947875158852,0.634428107695245,"1"
"820",0.438405122990719,0.394797322327285,0.50923385099188,0.67590932649554,"1"
"821",0.331518940787054,0.206178553922027,0.793533073427101,0.485223273957282,"1"
"822",0.330878566947191,0.322601189162086,0.65854696620501,0.587937477836275,"1"
"823",0.37173268719036,0.497282064906248,0.398344928597583,0.70871382198096,"1"
"825",0.486121627761071,0.505923059940804,0.337774096969436,0.657849368504324,"1"
"826",0.408039287800446,0.351358855291173,0.530317272276908,0.699824872473335,"1"
"827",0.322497457975467,0.2291752573462,0.723570336226765,0.59061621975504,"1"
"828",0.339964952512818,0.327432674641811,0.599680358412131,0.701870754794184,"1"
"829",0.39258377863834,0.506852312654586,0.369709005535572,0.723178482773671,"1"
"830",0.407424875062198,0.578629507534229,0.2746772352295,0.520636133009629,"1"
"831",0.442277653981784,0.58313545147373,0.285706162362418,0.478731007392455,"1"
"832",0.487646409795989,0.50875702252972,0.334917173196631,0.641976595106249,"1"
"833",0.438846461718192,0.360184398702324,0.485227130764426,0.660530292697564,"1"
"834",0.382394046254029,0.306247778272534,0.571047020052986,0.61277012466243,"1"
"835",0.430006706617918,0.373982869779642,0.47211751782368,0.682470334706348,"1"
"836",0.46391839560392,0.510104293032289,0.330377065069895,0.683599116178838,"1"
"837",0.465945957640136,0.57663135601148,0.243407499946152,0.478376387790174,"1"
"838",0.232910023148649,0.658860903957762,0.350220604389687,0.283881175154805,"1"
"839",0.404270601215845,0.580302117516754,0.310777780171021,0.5182356310865,"1"
"840",0.446660753304632,0.462577316115803,0.409242035884292,0.699472435145531,"1"
"842",0.336568375051381,0.220812207433573,0.667360802981024,0.495310837720614,"1"
"843",0.422625100058412,0.356794276455863,0.473001486204149,0.648607981668894,"1"
"844",0.481922419574671,0.50364673878472,0.32484037305878,0.689243023541286,"1"
"845",0.505119152802717,0.589174808323386,0.222722122902621,0.425750838811752,"1"
"846",0.33670683426,0.619187493217885,0.312770327611088,0.389208652718296,"1"
"848",0.397291391731389,0.345225203650556,0.513397807310401,0.634145503150659,"1"
"849",0.378798433680202,0.28311187777599,0.554148232709415,0.557532938705366,"1"
"850",0.478318153300305,0.419372340943023,0.384372024899304,0.699189830600944,"1"
"851",0.540884408195054,0.534077463919146,0.27277230921662,0.662928885130527,"1"
"852",0.530978517188413,0.598002596848608,0.213287957438559,0.421659074170054,"1"
"854",0.368985137269325,0.518698881559007,0.404413810928985,0.662858343108105,"1"
"855",0.393267420980897,0.382206722619899,0.494374394210266,0.70194167871464,"1"
"856",0.42343422105878,0.361347367790845,0.461951881448295,0.665186393518645,"1"
"858",0.560777102308375,0.605436169536047,0.211383031425679,0.508077143402712,"1"
"859",0.51592627047141,0.621695285634638,0.206376461972559,0.317951935404676,"1"
"861",0.354970469246912,0.569617619655225,0.340808150429707,0.610584031206525,"1"
"862",0.401735066958008,0.476887673201196,0.365767333663601,0.675133527919474,"1"
"863",0.450944335071285,0.470661971883688,0.323046589269175,0.654886385335116,"1"
"864",0.513448283322156,0.552287584145005,0.251779352531932,0.632664284350364,"1"
"865",0.530585639183956,0.587827739881084,0.233771727658475,0.569028069505442,"1"
"866",0.470953854141877,0.581788383031428,0.251800030154867,0.497214872200551,"1"
"867",0.325530580014279,0.586945410051376,0.324264501260043,0.454251343462724,"1"
"868",0.223092399887502,0.70610932957152,0.342624162663967,0.451572601543959,"1"
"869",0.310010168098133,0.586202277294039,0.351172808925841,0.602684197604954,"1"
"870",0.361374207645544,0.51149812720068,0.350929329915782,0.650230502741482,"1"
"871",0.420660710036129,0.517676905634114,0.303292480668577,0.621376469625467,"1"
"872",0.471906626571188,0.566133202617803,0.257889590109204,0.597463105922147,"1"
"873",0.463421673192999,0.553728947378268,0.276760505740194,0.601129327041109,"1"
"874",0.408761871795427,0.542159874572961,0.317842031576453,0.602400501923129,"1"
"876",0.42409622914999,0.490174033759032,0.402221982897883,0.671676750593306,"1"
"877",0.349297968543799,0.36938487616325,0.601275120080987,0.603387981123326,"1"
"878",0.283097159422798,0.389965836847561,0.605041032158012,0.60846722496522,"1"
"880",0.480091296540683,0.54104405287992,0.29979279298684,0.605008319921438,"1"
"881",0.402942258183156,0.400650334709089,0.50845844013182,0.663070023732235,"1"
"883",0.314856240399801,0.335748577158958,0.6459025997803,0.587020922556535,"1"
"884",0.359301646366528,0.501881181079675,0.391746182178474,0.699189830600944,"1"
"885",0.460948012894014,0.576539306334589,0.306482004006289,0.578062685834311,"1"
"887",0.433247517469658,0.318420786762807,0.572153272880005,0.733898906134919,"1"
"888",0.363247733812171,0.223180802777954,0.738739957352403,0.658625712649008,"1"
"889",0.393496744045172,0.355539257690451,0.569250651560514,0.782858233994381,"1"
"890",0.448166497198365,0.514889372004176,0.356333168199539,0.763245042145176,"1"
"891",0.432715314886528,0.58304340179684,0.277954638464687,0.54511579693936,"1"
"892",0.480899984856024,0.573564530191172,0.294013397376527,0.533686134373551,"1"
"893",0.513973995629881,0.493611752423788,0.359300665560988,0.682540713058185,"1"
"894",0.47125976245592,0.342021425871946,0.504428888362375,0.686068359747947,"1"
"896",0.477313025982736,0.394099091851358,0.454554461843324,0.747090755339753,"1"
"897",0.504876554961816,0.523344696105101,0.320056604992784,0.707726342780763,"1"
"898",0.492284793284728,0.580580511661497,0.244182910806212,0.492348400120025,"1"
"899",0.277948207602276,0.657978574128054,0.33148435177806,0.292064704438201,"1"
"902",0.437855613006512,0.281347218116574,0.585154328300343,0.59908344472026,"1"
"904",0.469446379508037,0.380394915565002,0.450147543455317,0.683881175154805,"1"
"905",0.526432728295437,0.523902157928807,0.306148577336464,0.688184620420633,"1"
"906",0.536945243709841,0.590847418305912,0.22278932517716,0.440421178973785,"1"
"907",0.378590744867274,0.600231995120619,0.324818144614125,0.446351509861153,"1"
"910",0.429751422452026,0.300812357107844,0.536143192538824,0.572699746310592,"1"
"911",0.528627739437077,0.431498202037815,0.380693992719754,0.726419160369896,"1"
"912",0.592579451788071,0.550801318630331,0.258776143192539,0.666526801058403,"1"
"914",0.321896025788028,0.64998821315113,0.340719495121373,0.363806977822636,"1"
"915",0.39503277589079,0.49184641923015,0.423481163977858,0.66645625903598,"1"
"917",0.481379399865868,0.39321676202165,0.42554117216275,0.66920761613792,"1"
"918",0.572334119377799,0.529337803604905,0.285706162362418,0.702082435418315,"1"
"919",0.608186400709604,0.611520428667113,0.207684321623193,0.508218991243624,"1"
"920",0.543431624948619,0.616399061542319,0.211450233700218,0.361341007665239,"1"
"922",0.379945049001579,0.548989511575434,0.354450470631314,0.64105949425789,"1"
"923",0.443372347099929,0.458628160465786,0.375865767764447,0.700177855369759,"1"
"925",0.573515349501331,0.558885974398216,0.256031188747927,0.659966174745629,"1"
"926",0.580096488761007,0.591916092603472,0.232908436900941,0.572486974549224,"1"
"927",0.494595331328559,0.58197472749928,0.257359726021496,0.514782181728907,"1"
"928",0.347952318110032,0.598932074073797,0.327365110819135,0.453334788182984,"1"
"929",0.238444064643143,0.687248126265215,0.352568031533375,0.488256635478327,"1"
"930",0.335209744066807,0.56905858625167,0.357019665280979,0.623704956490903,"1"
"932",0.483395279406356,0.529291329743645,0.294543261464234,0.635345208543605,"1"
"933",0.516174631676871,0.563252721265346,0.263183061580546,0.633651763550561,"1"
"934",0.500273024251996,0.550058185872994,0.279329700389859,0.635415586895442,"1"
"936",0.424879389048742,0.537375536488716,0.343665022508454,0.607834365367304,"1"
"937",0.449378015273782,0.455143743428364,0.454841363861546,0.692346763414168,"1"
"940",0.415875213638232,0.595400509640894,0.316070217761217,0.600141847840912,"1"
"942",0.429937477013608,0.355633552481412,0.567945376612747,0.703493275866772,"1"
"943",0.358483871665621,0.2,0.8,0.555487056384517,"1"
"944",0.369387534344374,0.349547048236276,0.631019880672884,0.6618001582149,"1"
"945",0.412928628604807,0.507967236301998,0.387005837120641,0.740178400938378,"1"
"946",0.428128853601021,0.58629432697093,0.305241346630194,0.536577648053684,"1"
"947",0.504645514137983,0.512334207680535,0.331550778641739,0.666808990970839,"1"
"948",0.431923501287238,0.356282390447788,0.521172593533935,0.739049073897269,"1"
"949",0.353620491962876,0.235910599557713,0.708023348482564,0.632734662702201,"1"
"950",0.369885122125349,0.31549315801487,0.606480711654856,0.719366594833465,"1"
"951",0.414308893840729,0.498350514692401,0.380673315096819,0.761482855506151,"1"
"952",0.431421586655994,0.571752723136275,0.280192991147393,0.561199159824327,"1"
"954",0.500712026480324,0.518048472012782,0.328140263208909,0.658837393273139,"1"
"955",0.460169179845532,0.365806164334866,0.479447735154113,0.709983905725743,"1"
"957",0.458213443523787,0.367525921712872,0.475040816766106,0.71026596470171,"1"
"958",0.482632888388897,0.503925357440869,0.337153975057617,0.708008401756731,"1"
"959",0.488963503017978,0.577560833236669,0.246640963232602,0.514498486047083,"1"
"960",0.22787356943513,0.653984516196627,0.36463781851078,0.305327477563491,"1"
"961",0.407342664907081,0.583600190086325,0.313789217481207,0.50828991516408,"1"
"962",0.453389005473466,0.481115222995955,0.395134727636935,0.708502141356829,"1"
"963",0.426488977348939,0.311357657897002,0.561721412109333,0.654533948007311,"1"
"964",0.358180992146767,0.217606184540893,0.674050014000474,0.517957391090864,"1"
"966",0.495444259351405,0.493890595591344,0.339125043616861,0.731640252052702,"1"
"967",0.525814854076975,0.589314005395758,0.223208047041592,0.458414032024878,"1"
"968",0.3395582285875,0.624622914382575,0.319813125982726,0.370086472626095,"1"
"969",0.420089565800575,0.513867396079283,0.36886897710384,0.646138738099785,"1"
"970",0.410436362849664,0.364459095892564,0.492601288043595,0.655027687607409,"1"
"971",0.403889838392142,0.285761112379185,0.555699054429535,0.564161597424916,"1"
"972",0.504836124872899,0.419280291266132,0.383040902922868,0.716403611664257,"1"
"974",0.55796032278303,0.596608381010825,0.211848277941715,0.447759076897897,"1"
"975",0.28705622741925,0.677677204982657,0.333167510284963,0.257001009301945,"1"
"976",0.371438461372044,0.522880182003914,0.406517759062615,0.653405166534821,"1"
"978",0.451091447980443,0.362368894692925,0.461086005987895,0.664551460759977,"1"
"979",0.537540185621877,0.515772150856698,0.293966872724923,0.712100166398429,"1"
"980",0.577387880492396,0.603669264762561,0.219289637495423,0.535802940614856,"1"
"981",0.53224368820717,0.626017130220358,0.20181446141254,0.33241495949153,"1"
"982",0.24250265019579,0.717909649126089,0.32534981799384,0.318868490684416,"1"
"984",0.416710295740216,0.477583658563052,0.366566006849463,0.686280040372078,"1"
"986",0.537199229820652,0.552240436749524,0.25625088849161,0.655168989879702,"1"
"987",0.541282911104861,0.58741014866397,0.242787171258104,0.590196131918492,"1"
"988",0.480623066438786,0.581370791814314,0.251115083895147,0.513794702528711,"1"
"989",0.345399476451117,0.581602038563576,0.31870583927456,0.48084781363376,"1"
"990",0.212526231529758,0.70717800386908,0.335027901867448,0.463138656264492,"1"
"991",0.306661185989659,0.586711918188043,0.353874857302863,0.614674704710985,"1"
"992",0.375401856218766,0.516236664957885,0.34827173842807,0.670124716986279,"1"
"993",0.440745948986435,0.512427155403054,0.306590561526698,0.639859788864945,"1"
"994",0.484515933626117,0.561719308355192,0.259574816378401,0.609454704165416,"1"
"995",0.466910412565173,0.546340276972239,0.279859564477567,0.62377533484274,"1"
"997",0.40456915388443,0.556005493045759,0.324530208714757,0.574887476472353,"1"
"998",0.443117062934037,0.487014933750426,0.397592780063325,0.687902561444666,"1"
"999",0.371148562403998,0.360231546097805,0.609070583927456,0.61770806623203,"1"
"1000",0.299906972719209,0.37049845274222,0.630975940724148,0.607763441446848,"1"
"1001",0.379962356402657,0.596700430687716,0.331750059232774,0.602684197604954,"1"
"1002",0.503137961620838,0.543459795619783,0.300214099554139,0.624833737963392,"1"
"1003",0.430694675810744,0.401950255755911,0.497163288603614,0.688043863716959,"1"
"1006",0.379265733509292,0.495655928784982,0.403948564412949,0.741520499740855,"1"
"1007",0.462214481967852,0.571986214999607,0.304732160165421,0.580883275593988,"1"
"1008",0.497217402591783,0.482693538187519,0.372345402459776,0.706385880684143,"1"
"1009",0.4207212859399,0.314238139249458,0.573259525707024,0.717673149840421,"1"
"1010",0.350176319148476,0.228757666129087,0.721443125767334,0.640706511361467,"1"
"1011",0.375263397010146,0.360465037961137,0.560261054989554,0.765645544068305,"1"
"1012",0.424727949289315,0.516190191096626,0.356621104098908,0.743773698136883,"1"
"1013",0.406581139259676,0.583229746264692,0.278311327460314,0.531923947734526,"1"
"1014",0.482713800488934,0.573611677586652,0.289826178732203,0.542998990698055,"1"
"1015",0.510901066568591,0.484783739387159,0.362577810325888,0.69298180528656,"1"
"1016",0.46542024533241,0.331799421508941,0.511890925539018,0.685009956627295,"1"
"1017",0.417982389719404,0.298908500376057,0.577868050918646,0.660741973321695,"1"
"1018",0.464207429201913,0.394703027536324,0.453890193206539,0.742011511497859,"1"
"1019",0.487045842978604,0.521393467466426,0.323002132379865,0.702294116042445,"1"
"1020",0.469342102416546,0.585133602996479,0.241812738277296,0.477814452112715,"1"
"1021",0.295316184583433,0.659094395821094,0.33035483662524,0.307515207725252,"1"
"1023",0.476140449559743,0.436794426130134,0.434998599952614,0.73093646853433,"1"
"1024",0.428059623996712,0.267501599643775,0.60074525599328,0.611571510406721,"1"
"1026",0.457010579148909,0.378118369897511,0.454598401792061,0.703846258763196,"1"
"1027",0.509809402245635,0.518001998151523,0.311242251276197,0.689736763141384,"1"
"1028",0.509757480042403,0.593076816577922,0.22192344971676,0.427725797212144,"1"
"1029",0.386733877074184,0.597259464091271,0.323910138496995,0.467934204424562,"1"
"1030",0.451182311836099,0.471265907568654,0.40171279643311,0.694533948007311,"1"
"1031",0.424918330701166,0.315075566797756,0.535124819609279,0.629983360157124,"1"
"1032",0.424420742920191,0.293612276283738,0.537626811984406,0.613052183638397,"1"
"1033",0.511778984488242,0.433821895100787,0.372167057961962,0.740391172699746,"1"
"1034",0.569937044328581,0.553217061370193,0.25757942576518,0.659683570201042,"1"
"1035",0.53407437855613,0.601718260635293,0.218534904258298,0.440421178973785,"1"
"1036",0.331912684161565,0.640186045119309,0.35077424774377,0.396966638478955,"1"
"1037",0.401298055080804,0.491614049923853,0.414535507355634,0.707938023404894,"1"
"1038",0.426921662375874,0.357259015068457,0.509166648717341,0.715416132464061,"1"
"1039",0.474038033013868,0.384388973496428,0.441266504404765,0.715627813088191,"1"
"1040",0.548809034463362,0.533983169128185,0.277181812307494,0.698767014921302,"1"
"1042",0.516526837288796,0.61872275460529,0.209478105412799,0.348852941978777,"1"
"1043",0.281171711052939,0.689803066077449,0.337774096969436,0.420949834965493,"1"
"1044",0.38775501373775,0.545877783473715,0.358237577271846,0.6613768515235,"1"
"1045",0.440213746403306,0.459418440618604,0.378124798070089,0.715133527919474,"1"
"1046",0.504056335590507,0.486225102620422,0.312327568009994,0.701800376442347,"1"
"1047",0.543206628734613,0.560046698372667,0.256385293040688,0.659895250825173,"1"
"1048",0.550725829132683,0.592194486748214,0.229121847200982,0.560637224146867,"1"
"1051",0.250204443675227,0.681161622020079,0.35099575677946,0.507302435963883,"1"
"1054",0.46855677909266,0.527293627243711,0.294212419497275,0.655874410103931,"1"
"1055",0.49153365207797,0.568780192106927,0.264888965472678,0.630548023677678,"1"
"1056",0.478630119204725,0.547920837277874,0.281056281904926,0.624339452794675,"1"
"1057",0.413581982995478,0.535747828787601,0.32284730867814,0.621235712921793,"1"
"1058",0.416255976461935,0.536771600803751,0.341428220647468,0.606841430480919,"1"
"1059",0.437111394760184,0.459557637690975,0.446715058048119,0.681623612209826,"1"
"1060",0.364922224866409,0.347270502568785,0.637574687143257,0.614745083062822,"1"
"1061",0.295169071674275,0.397118770276186,0.605573480948586,0.637391090864454,"1"
"1062",0.404547519633083,0.591545648781839,0.318617183966227,0.598308737281432,"1"
"1063",0.499631785042079,0.522787234281395,0.326656385293041,0.663140565754658,"1"
"1064",0.417878545312939,0.358372591647427,0.569671958127814,0.671817834638152,"1"
"1065",0.344776410012332,0.20213734859512,0.791007818726172,0.523527646689762,"1"
"1066",0.348882590917941,0.362416042088405,0.608628599737222,0.639648108240814,"1"
"1067",0.390965536637605,0.513263460394317,0.383040902922868,0.719436973185303,"1"
"1068",0.468960906907816,0.575701878786292,0.30338036056605,0.586453531192886,"1"
"1070",0.442160829024512,0.31976785520511,0.565332242014345,0.719225292561172,"1"
"1075",0.486543495662333,0.574541154811841,0.290469769746053,0.545961428298644,"1"
"1076",0.520986089176384,0.490731495582738,0.356931009972645,0.707020922556535,"1"
"1077",0.480749843151678,0.331334682896347,0.510208283972688,0.706949998636079,"1"
"1078",0.435467191657833,0.294077014896332,0.579705774656988,0.67083019176737,"1"
"1079",0.488686151915713,0.3845281705688,0.460046955435415,0.750762432144903,"1"
"1080",0.509947861454255,0.514238962457951,0.3243973549874,0.719296216481628,"1"
"1081",0.492989204508578,0.582578663184245,0.24471277489392,0.497847731798467,"1"
"1082",0.283209657529801,0.658490460136129,0.335337962823357,0.310619493166753,"1"
"1083",0.44435886896134,0.561160274951637,0.325128308958149,0.585045964156142,"1"
"1084",0.474465525820479,0.433402058769603,0.443148168091843,0.74843285414223,"1"
"1085",0.440663738831318,0.272937020808466,0.592970469769746,0.638942688016585,"1"
"1086",0.389394889989832,0.22155534019091,0.664083399745838,0.56225756294498,"1"
"1087",0.477578694589274,0.367757168462134,0.4602899175049,0.72670285605172,"1"
"1088",0.527114207212859,0.515028793587954,0.314896504189373,0.718801931312911,"1"
"1090",0.375670120935465,0.603485165408779,0.32138540073664,0.45008865490057,"1"
"1092",0.430707656361552,0.311869543905077,0.542721261334999,0.641553233857989,"1"
"1093",0.437323410423382,0.28738657496623,0.546218364313869,0.607408821844568,"1"
"1094",0.536905004002337,0.424529367962971,0.378323820190837,0.752311847022559,"1"
"1095",0.592003980702248,0.5495934472604,0.260171882740647,0.677814452112715,"1"
"1096",0.555065659952837,0.59707311962342,0.21891227087686,0.455380670503833,"1"
"1098",0.392553490686455,0.485529117258566,0.437301570206992,0.708784745901416,"1"
"1099",0.426618782857019,0.356237488166378,0.509854179679928,0.730090837175046,"1"
"1100",0.473604915301906,0.380904556459006,0.435618928640662,0.722191003573475,"1"
"1102",0.599645198277914,0.611381231594742,0.208015163590152,0.51767369540904,"1"
"1103",0.536615970404344,0.618165966315805,0.212600426475973,0.357249243023541,"1"
"1104",0.260796573134587,0.691662020527826,0.340011028065565,0.392803949916801,"1"
"1106",0.432416762217943,0.462298921971061,0.377571671656579,0.705186720859816,"1"
"1107",0.499210349825844,0.483391768663446,0.312039632110625,0.69792029242478,"1"
"1110",0.487022910672176,0.5787687046066,0.260104680466108,0.519648653809433,"1"
"1111",0.336161651126063,0.594888623632819,0.328538824390979,0.457988488502141,"1"
"1113",0.325444043008892,0.571521476387013,0.354273418484933,0.627090755339753,"1"
"1114",0.388464617181922,0.50703809584392,0.352568031533375,0.66970141029488,"1"
"1115",0.459031218224693,0.527061257937414,0.292772740000431,0.64084781363376,"1"
"1116",0.49178201328343,0.564831036456911,0.26035022723846,0.630265419133092,"1"
"1117",0.483089371092313,0.549036658970915,0.278554289529799,0.629207561581058,"1"
"1119",0.420807822945287,0.544483567635932,0.337818398776574,0.60515016776235,"1"
"1120",0.44250265019579,0.467408801595528,0.440690115665453,0.696438528055866,"1"
"1121",0.366782770482228,0.33914094451949,0.643377345079372,0.63478054502305,"1"
"1122",0.302355969971659,0.382067525547527,0.620146035711978,0.648114242068796,"1"
"1123",0.416930965103953,0.595586854108746,0.320233915609451,0.602258654082217,"1"
"1124",0.516226553880103,0.525667715633852,0.319082172011976,0.668290460732699,"1"
"1125",0.428596153430111,0.364133554352341,0.555742994378271,0.683810796802968,"1"
"1126",0.348999415875214,0.202554939812234,0.791672087362957,0.530369077170681,"1"
"1128",0.402461977803258,0.506852312654586,0.386607792879144,0.728328650536021,"1"
"1129",0.410367133245354,0.585086455600998,0.304951859909105,0.521127144766633,"1"
"1130",0.486982238279644,0.505737164495766,0.338194886596162,0.661517935568346,"1"
"1131",0.405538368344763,0.346293877948115,0.542364572339372,0.716615292288388,"1"
"1133",0.358090128291111,0.324785685152686,0.603668554935705,0.719930712785401,"1"
"1134",0.417965082318326,0.498118145386104,0.371084067460745,0.756616383425625,"1"
"1135",0.430872076671787,0.571986214999607,0.275165744071338,0.538203442537985,"1"
"1136",0.433801354304134,0.584621716988404,0.291909449242897,0.471889576911536,"1"
"1137",0.486681954870952,0.516515508125442,0.327940982617873,0.64670285605172,"1"
"1138",0.436003721091232,0.360882629178251,0.486599607986732,0.683599116178838,"1"
"1139",0.392371762975142,0.29932609159317,0.589780946432033,0.651077225238004,"1"
"1140",0.438811846916037,0.363763110530708,0.485426152885175,0.714004746446985,"1"
"1142",0.483464509010666,0.573099791578577,0.242453744588278,0.497214872200551,"1"
"1143",0.220111200051922,0.661927729778071,0.35872479376225,0.255309746583377,"1"
"1145",0.444146853298142,0.466200930225597,0.401645594158572,0.699049073897269,"1"
"1146",0.404227332713151,0.299743682810284,0.57527559394318,0.622787855642543,"1"
"1147",0.343309607771023,0.217978873476597,0.672168350313395,0.519932349491257,"1"
"1148",0.431196590441988,0.349452753445315,0.486289443642708,0.675486510815898,"1"
"1149",0.493168336109729,0.494726900582607,0.325770607620566,0.7149927712158,"1"
"1150",0.519120351340242,0.583553042690844,0.22010898830422,0.447480836902261,"1"
"1152",0.40456915388443,0.493844121730085,0.387892390203976,0.641905671185793,"1"
"1153",0.397243796378426,0.341974278476466,0.514881426755983,0.631182519981451,"1"
"1155",0.489113644722324,0.40933668104787,0.391081913541689,0.717814452112715,"1"
"1156",0.548475866992623,0.529477225188683,0.275873952656859,0.689666384789547,"1"
"1157",0.54654522640244,0.595492559317785,0.209167941068775,0.440917646416978,"1"
"1159",0.361036713324535,0.508617645848223,0.413183707756263,0.641835292833956,"1"
"1160",0.393717413408909,0.379231946476481,0.492027484007151,0.668925393491366,"1"
"1161",0.4356835341713,0.361672909331068,0.459891873263403,0.614886385335116,"1"
"1162",0.535201090366268,0.513077564949279,0.290469769746053,0.686068359747947,"1"
"1163",0.579689764835688,0.598002596848608,0.214084045921554,0.529878065413677,"1"
"1164",0.534201587954049,0.618118818920325,0.201881663687079,0.33333151477127,"1"
"1165",0.230534582350778,0.717676157262757,0.336998944579663,0.296227393000355,"1"
"1166",0.340051489518205,0.563717459877941,0.35422922006591,0.607054202242287,"1"
"1167",0.40960128074768,0.461508641818243,0.380960217115041,0.691006846886167,"1"
"1168",0.46667935876079,0.459557637690975,0.335293661016219,0.671817834638152,"1"
"1169",0.536748804707613,0.548060034350245,0.254015120511771,0.658414032024878,"1"
"1171",0.489604742227895,0.58090605320172,0.248610506817154,0.492697564036117,"1"
"1172",0.337892391233801,0.588292478493678,0.326700842182351,0.455729834419924,"1"
"1173",0.203556670921403,0.711127159519097,0.34226979990092,0.416928994244251,"1"
"1175",0.366021244834823,0.506016007663323,0.361847631765998,0.668854851468944,"1"
"1176",0.428769227440884,0.507409752027151,0.317044650742025,0.646138738099785,"1"
"1177",0.47891872011769,0.564925331247872,0.262518792943761,0.617355628904225,"1"
"1178",0.465957640135863,0.554750474280347,0.275496586038297,0.596824790638043,"1"
"1179",0.414901672327629,0.537885177382721,0.320034635018416,0.597392182001691,"1"
"1180",0.362875624689008,0.54968549693729,0.341295366920111,0.535802940614856,"1"
"1181",0.408718603292733,0.481068075600475,0.414134878411269,0.686209662020241,"1"
"1182",0.349388832399455,0.361672909331068,0.608672539685959,0.657426007256063,"1"
"1183",0.286294701771845,0.378953552331738,0.62725396859586,0.645080334979132,"1"
"1186",0.406840750275837,0.402740535908729,0.50073017855989,0.672452603726234,"1"
"1187",0.321069597386582,0.215933574558367,0.778913994012105,0.513511006846886,"1"
"1189",0.374025917833113,0.494122740386234,0.406561699011351,0.713158569519081,"1"
"1190",0.396785150249876,0.588804364501753,0.301165270209146,0.510968657082845,"1"
"1191",0.46873591069381,0.510104293032289,0.338017705214638,0.653757603862626,"1"
"1192",0.393652510654869,0.354704075256224,0.531557929653004,0.704975040235686,"1"
"1193",0.314241827661554,0.218769153629414,0.741288474379133,0.574674704710985,"1"
"1194",0.342128377647492,0.32306592777468,0.602937084024383,0.6871267628686,"1"
"1195",0.397719749908054,0.500208795608557,0.375025739332716,0.727406639570092,"1"
"1196",0.419354001254787,0.573937219126875,0.276959527860943,0.536932267655964,"1"
"1198",0.469198018302577,0.523855684067548,0.323998793805329,0.637602771488584,"1"
"1200",0.378625359669429,0.296584807313085,0.589072737846512,0.633511006846886,"1"
"1203",0.474263461912901,0.575609829109401,0.243717664290176,0.494743446356966,"1"
"1204",0.213127663717197,0.666108132177349,0.354162793202231,0.252347308982787,"1"
"1205",0.384747852800554,0.582809909933507,0.312460421737351,0.494743446356966,"1"
"1207",0.399346645609329,0.301555489865181,0.569051629439766,0.639083990288879,"1"
"1208",0.340583692101335,0.223879033253881,0.667360802981024,0.512239831964865,"1"
"1209",0.420106873201653,0.352611628942514,0.479778577121072,0.659331132873237,"1"
"1210",0.474812106527054,0.497978948313732,0.327475736101837,0.692276385062331,"1"
"1211",0.505783397875517,0.585551194213593,0.222057854265837,0.433650672413323,"1"
"1213",0.398433680202497,0.503739686507239,0.372921791199087,0.641341553233858,"1"
"1214",0.391337645760768,0.355308010941189,0.497318370775626,0.632382225374396,"1"
"1215",0.376358090128291,0.277398062466557,0.56367027807095,0.551040672140539,"1"
"1217",0.53068385868507,0.531660598622248,0.279440842613135,0.671676750593306,"1"
"1219",0.269259892261428,0.671684995528481,0.339457126241196,0.253683952099075,"1"
"1221",0.384548817688164,0.38132439279019,0.489590109203696,0.686915082244469,"1"
"1222",0.425277459273522,0.3575374092132,0.467377172765848,0.636332687743801,"1"
"1223",0.517716721112866,0.513124038810539,0.29128912055485,0.693052729207016,"1"
"1226",0.222439045496831,0.724784188409973,0.330066900725871,0.286418069232658,"1"
"1227",0.328689180710902,0.565248627674025,0.357196717427359,0.606137646962547,"1"
"1228",0.393760681911602,0.470940366028431,0.37546772352295,0.684234158051229,"1"
"1230",0.515031045150683,0.55609754272265,0.249985568742327,0.630053738508961,"1"
"1231",0.531579516690825,0.5917768955311,0.231249057660413,0.553370250143212,"1"
"1232",0.471017458840837,0.585598341609073,0.246529821009326,0.472309664748084,"1"
"1233",0.326244510308721,0.594331835343334,0.319746699119047,0.43830437273248,"1"
"1234",0.2,0.71577230053097,0.343332888190062,0.41086227120216,"1"
"1235",0.290686454795232,0.589408300186719,0.358016326706442,0.584762268474317,"1"
"1236",0.351708024143825,0.516050769512848,0.353608891377862,0.650230502741482,"1"
"1237",0.415299742552409,0.51303109108802,0.310643375621944,0.6210944106495,"1"
"1238",0.466309845747788,0.57226460914435,0.255387597734077,0.600703783518372,"1"
"1240",0.39887501892997,0.545783488682754,0.313744760591897,0.585607899833602,"1"
"1241",0.351054669753153,0.551777943251,0.341450449092123,0.533195122616547,"1"
"1242",0.406001341323584,0.489988138313994,0.406895125681177,0.668784309446521,"1"
"1243",0.348705190056898,0.375098691472683,0.597467852758093,0.621164789001337,"1"
"1244",0.285433658568245,0.392752023409056,0.606126607362095,0.619048528328651,"1"
"1246",0.455781753672414,0.55066212155796,0.301542636827708,0.591041763277776,"1"
"1247",0.398429353352227,0.406920938308007,0.503431193055765,0.663281649799504,"1"
"1248",0.310966402007659,0.216676707315704,0.778185107803649,0.500810169399056,"1"
"1249",0.323155139216407,0.325528817910023,0.650131173670494,0.578979241114051,"1"
"1250",0.358453583713736,0.493333133767638,0.402087578348806,0.705539158187621,"1"
"1252",0.471086688445146,0.512148536746905,0.335825179313761,0.647055838948144,"1"
"1253",0.387517036972936,0.355956848907565,0.531358907532255,0.698555334297171,"1"
"1254",0.307695303204033,0.226665219815377,0.735752040838305,0.584620420633405,"1"
"1255",0.336412608441685,0.333379981814576,0.59046847739462,0.692276385062331,"1"
"1257",0.411016160785756,0.577048947228594,0.274255928662201,0.534111677896287,"1"
"1258",0.422603465807066,0.587966936953455,0.29051370969479,0.456368149704029,"1"
"1260",0.425143326915172,0.367757168462134,0.482681198440563,0.67703810796803,"1"
"1261",0.374895614737252,0.30364569106482,0.584156632993732,0.626526637387818,"1"
"1262",0.421989053068819,0.370916043959334,0.48152842096194,0.692841048582886,"1"
"1263",0.461216277610713,0.511126358761745,0.330266439787193,0.691288905862135,"1"
"1264",0.466696666161868,0.582345171320913,0.24156977620781,0.486630840994026,"1"
"1265",0.216922311403414,0.661741385310219,0.354362073793267,0.252347308982787,"1"
"1266",0.394526534409277,0.579047098751342,0.315118013225063,0.5007392454786,"1"
"1267",0.442493996495251,0.477071772554977,0.391280935662438,0.689313401893123,"1"
"1269",0.334175626852433,0.220069074676236,0.674184418549551,0.48564336179383,"1"
"1271",0.472542240875755,0.501834931729823,0.32557132702953,0.679083990288879,"1"
"1272",0.501607295069554,0.593216013650294,0.219245697546686,0.434354455931695,"1"
"1273",0.321532570365403,0.619605084434998,0.323910138496995,0.376082271747729,"1"
"1274",0.402262942690868,0.499418964478554,0.380363150752795,0.642893695954609,"1"
"1276",0.370629340371676,0.274378384041729,0.568521765352058,0.538552606454077,"1"
"1277",0.465842113233672,0.408501498613642,0.393516703642277,0.694040208407213,"1"
"1278",0.529031867252234,0.531706623460694,0.277890020893015,0.666032974167326,"1"
"1279",0.528038422430392,0.596655528406306,0.212135179959937,0.429487983851169,"1"
"1280",0.275326136339052,0.675169412565904,0.337397609149848,0.262713112741755,"1"
"1281",0.359522315730264,0.517212391532927,0.405054817239968,0.645715376851524,"1"
"1283",0.418237673885295,0.360882629178251,0.461352230383182,0.643457813906544,"1"
"1284",0.511374423988058,0.511869693579348,0.293147521916126,0.698837393273139,"1"
"1285",0.55696947407135,0.600696733733213,0.213507657182243,0.523811342371587,"1"
"1286",0.517473984812756,0.618909099073142,0.203543627630474,0.326348236449439,"1"
"1287",0.226713973562945,0.723205873218409,0.337220427768325,0.292555716195204,"1"
"1288",0.331917011011834,0.568084206745071,0.352878195877399,0.603104285441502,"1"
"1289",0.389650174155723,0.473169764300441,0.371903418269541,0.675345208543605,"1"
"1290",0.443718495121476,0.461508641818243,0.333942662674737,0.655874410103931,"1"
"1292",0.52736256841832,0.591033762773764,0.231313675232085,0.557745710466734,"1"
"1293",0.471473508859226,0.586898262655895,0.247703276110884,0.479363866990371,"1"
"1295",0.200246630465353,0.717862501730609,0.340919034182695,0.418696636569465,"1"
"1296",0.290751357549272,0.583321795941582,0.364105369720206,0.587582858233994,"1"
"1297",0.34922441208922,0.514378384041729,0.355048570874707,0.648184620420634,"1"
"1298",0.41092097007983,0.512009115163126,0.309581062743662,0.619330587304618,"1"
"1300",0.457962486208165,0.558605335139403,0.269784392702522,0.596753866717586,"1"
"1301",0.403985029098068,0.541508791492515,0.315405949124432,0.596191931040127,"1"
"1302",0.343551911386107,0.551962042604781,0.335714450642945,0.529452521890941,"1"
"1303",0.393397226488977,0.487758066507763,0.406605638960088,0.657285250552388,"1"
"1305",0.275624689007637,0.393681500634245,0.603712494884442,0.605362939523719,"1"
"1306",0.336157324275793,0.599906453580396,0.328826760290348,0.547232603180665,"1"
"1307",0.451723168119767,0.548477625567359,0.29837379111293,0.588995880956927,"1"
"1308",0.390446314605283,0.410079813805206,0.491272750770026,0.658766469352683,"1"
"1309",0.30420353503667,0.222949556028693,0.768704417687983,0.490864453476636,"1"
"1310",0.319135495316185,0.332681751338649,0.642625196545114,0.562824954308628,"1"
"1311",0.359933366505852,0.497886000591213,0.404680035324273,0.6956627294798,"1"
"1312",0.456292322004197,0.5841120760944,0.301852801171732,0.559578821026215,"1"
"1314",0.439460874456439,0.344899662110332,0.540772395373382,0.733407894377915,"1"
"1315",0.353001752374359,0.227085056146561,0.728486441079544,0.625327477563491,"1"
"1316",0.377067693572464,0.323483518991794,0.601939388717772,0.729807141493221,"1"
"1317",0.435346039850291,0.500487638776113,0.378502164688651,0.770582940069287,"1"
"1318",0.449892910455834,0.572495855893612,0.273925086695242,0.563457813906544,"1"
"1319",0.483377972005279,0.577933522172372,0.28918517242122,0.511748820207862,"1"
"1320",0.533416264630163,0.508199538254873,0.331772287677429,0.679154914209335,"1"
"1322",0.418311230339874,0.295933724232639,0.586880909815409,0.659331132873237,"1"
"1324",0.503605823940463,0.505319124255838,0.333699183664678,0.732911426934723,"1"
"1326",0.265642645436255,0.651243231916542,0.359832338940703,0.30497285796121,"1"
"1327",0.448698699781494,0.569244930719522,0.314896504189373,0.555487056384517,"1"
"1328",0.494300672825217,0.469175706369015,0.391813384453012,0.734111677896288,"1"
"1329",0.444263678255414,0.292123765654993,0.581277274000043,0.647337897924112,"1"
"1330",0.376314821625598,0.210915744610791,0.684859241389709,0.523036634932759,"1"
"1331",0.457084135603487,0.346433075020487,0.492071423955888,0.686491720996208,"1"
"1332",0.514407113341843,0.497514209701138,0.326191397247292,0.731923947734527,"1"
"1333",0.543818878047725,0.584900111133147,0.220351950373705,0.464693526828337,"1"
"1334",0.380870994959219,0.610685246232886,0.321606909772331,0.433792520254235,"1"
"1335",0.457828353849815,0.502206498108491,0.369752945484309,0.688890040644862,"1"
"1336",0.436851783744024,0.346572272092858,0.506023650031232,0.659401511225074,"1"
"1337",0.415805984033923,0.265225053976284,0.581985482585564,0.589350500559208,"1"
"1338",0.514851913549532,0.407850415533196,0.391412755508648,0.745186720859816,"1"
"1340",0.571827877896286,0.594565327206667,0.209609925259009,0.461867481382471,"1"
"1341",0.325227700495424,0.669130055716248,0.334474232666336,0.316260672686107,"1"
"1342",0.406806135473682,0.50699162198266,0.409329915781765,0.692911426934723,"1"
"1343",0.429072106959739,0.378488813719144,0.4883494518276,0.732485883411986,"1"
"1344",0.463196676978993,0.358511788719799,0.465495509078769,0.684304536403066,"1"
"1345",0.562901585790624,0.514517805625508,0.288076334891335,0.738694454294989,"1"
"1347",0.559098284403868,0.618628459814329,0.2,0.345890504378188,"1"
"1348",0.271669947861454,0.714007640871553,0.325792577594934,0.343490002455059,"1"
"1349",0.375821560694892,0.561858505427563,0.350242832834342,0.644445838675359,"1"
"1350",0.436116219198235,0.460812656456387,0.380781872617227,0.715556889167735,"1"
"1351",0.495230512948099,0.459743982158827,0.334164171710427,0.697144493848714,"1"
"1352",0.561741989918439,0.551917140323371,0.251047881620609,0.669913036362148,"1"
"1353",0.569153884429829,0.586202277294039,0.232443190384905,0.588570337434191,"1"
"1354",0.509716807649871,0.581557136282166,0.247969500506171,0.511110504923757,"1"
"1355",0.357917054280337,0.584576814706994,0.318019083722834,0.474142775307564,"1"
"1356",0.238028687017286,0.704762261129218,0.331041592176966,0.468076052265474,"1"
"1357",0.328226207732081,0.574866696352064,0.359123613414608,0.630688780381353,"1"
"1359",0.460930705492936,0.50494755787717,0.313213345682469,0.666526801058403,"1"
"1360",0.507562425632261,0.565156577997134,0.260637129256683,0.632452603726234,"1"
"1361",0.493994331826147,0.552705175362118,0.272795571542421,0.62243487274612,"1"
"1362",0.436631114380287,0.533100839298477,0.318218622784156,0.620600671049401,"1"
"1364",0.45421976072518,0.477258117022829,0.412209274775454,0.702435418314739,"1"
"1365",0.38185751682063,0.360370743170176,0.607633489133478,0.643387435554707,"1"
"1366",0.309793825584666,0.378722305582476,0.618018825252547,0.637531847568128,"1"
"1367",0.400424031326396,0.593263161045774,0.326235595666315,0.595695463596934,"1"
"1368",0.522274192501569,0.539512885083836,0.29914920197299,0.635838948143703,"1"
"1369",0.444614153127231,0.399720857483901,0.504051521743813,0.685009956627295,"1"
"1370",0.342431257166346,0.207060883751735,0.791361923018933,0.514853105649363,"1"
"1371",0.350505159768946,0.321020628856451,0.656952204536154,0.596404702801495,"1"
"1372",0.394716915821128,0.494448057415051,0.406008572597842,0.731569328132246,"1"
